{
    "low coverage regions": [
        "NCSTN",
        "MYD88",
        "SDHB"
    ],
    "genomic variants details": {
        "Somatic Variant Details - Potentially Actionable": [
            {
                "Gene": "BLM",
                "GeneMutation": "p.Y736fs*4 Spliceregionvariant-GOF",
                "description": "TP53 encodes a protein that is a transcription factor that regulates the expression of genes involved in cell cycle arrest, apoptosis, and DNA repair. TP53 is a tumor suppressor gene that is mutated in many cancers. Mutations in TP53 are associated with cancer progression.",
                "VariantAlleleFraction": "19.6%"
            },
            {
                "Gene": "NCSTN",
                "GeneMutation": "p.A572G Stopgain-LOF",
                "description": "NFE2L2 acts as a transcription factor for proteins that contain an antioxidant response element (ARE) within their promoter sequence. Genes that contain ARE are involved in injury and inflammation response. Activating mutations and overexpression of NFE2L2 are associated with cancer progression.",
                "VariantAlleleFraction": "23.45%"
            },
            {
                "Gene": "NCSTN",
                "GeneMutation": "p.A572G Spliceregionvariant-LOF",
                "description": "ARID2 encodes a protein that is a subunit of the SWI/SNF chromatin remodeling complex SWI/SNF-B or PBAF. This complex functions in ligand-dependent transcriptional activation. Loss of function mutations and copy number loss of ARID2 are associated with cancer progression.",
                "VariantAlleleFraction": "25.26%"
            },
            {
                "Gene": "FLT3",
                "GeneMutation": "p.V592A Missensevariant(exon2)-GOF",
                "description": "TP53 encodes a protein that is a transcription factor that regulates the expression of genes involved in cell cycle arrest, apoptosis, and DNA repair. TP53 is a tumor suppressor gene that is mutated in many cancers. Mutations in TP53 are associated with cancer progression.",
                "VariantAlleleFraction": "4.84%"
            }
        ],
        "Somatic Variant Details - Biologically Relevant": [
            {
                "Gene": "MYOD1",
                "GeneMutation": "p.V592G Frameshift-LOF",
                "description": "STK11 (LKB1) encodes an enzyme in the serine/threonine kinase family that is responsible for maintaining energy metabolism and cellular polarization through the activation of AMP-activated protein kinase and other members of the AMPK family. The enzyme also acts as a tumor suppressor by regulating cell growth. Loss of function mutations, copy number loss, epigenetic variation, and underexpression of STK11 are associated with cancer progression.",
                "VariantAlleleFraction": "10.31%"
            }
        ]
    },
    "clinical history": {
        "Date": "2023-12-08"
    },
    "other": {
        "ReportId": "4816",
        "ReportDate": "2023-12-13",
        "SignedBy": "Hector Flores",
        "Supervisor": "Dr. Ashley Evans"
    }
}