{
    "Additional Indicators": [
        {
            "description": "Unfavorable Prognosis",
            "therapy": "NCCN, Consensus, Non-Small Cell Lung Cancer",
            "mutation": "KRASp.G12C Gain-of-function"
        }
    ],
    "Clinical trials": [
        {
            "description": "A Study of VS-6766 v. VS-6766 + Defactinib in Recurrent G12V, Other KRAS and BRAF Non- Small Cell Lung Cancer ",
            "phase": "Phase 2",
            "mutations": [
                "KRAS"
            ]
        },
        {
            "description": "A Phase 1/2 Study of MRTX849 in Patients With Cancer Having a KRAS G12C Mutation KRYSTAL-1",
            "phase": "Phase 1/2",
            "mutations": [
                "KRAS",
                "STK11"
            ]
        },
        {
            "description": "First-in-human Study of DRP-104 (Sirpiglenastat) as Single Agent and in Combination With Atezolizumab in Patients With Advanced Solid Tumors. (NCT04471415)",
            "phase": "Phase 1/2",
            "mutations": [
                "NFE2L2",
                "STK11"
            ]
        }
    ],
    "variants of unknown significance": {
        "Somatic": [
            {
                "Gene": "STAG2",
                "GeneMutation": "p.R1012X Nonsense-LOF",
                "VariantAlleleFraction": "14.49%"
            },
            {
                "Gene": "STAT5B",
                "GeneMutation": "p.N713_A714insKGKGGG Spliceregionvariant-GOF",
                "VariantAlleleFraction": "5.58%"
            },
            {
                "Gene": "PRKCA",
                "GeneMutation": "p.D463H Missensevariant(exon2)-GOF",
                "VariantAlleleFraction": "2.01%"
            },
            {
                "Gene": "BRCA2",
                "GeneMutation": "p.S1982Rfs*22 Nonsense-GOF",
                "VariantAlleleFraction": "4.43%"
            },
            {
                "Gene": "DICER1",
                "GeneMutation": "p.W1831* Nonsense-GOF",
                "VariantAlleleFraction": "1.08%"
            },
            {
                "Gene": "CSF1R",
                "GeneMutation": "p.N648S Spliceregionvariant-LOF",
                "VariantAlleleFraction": "4.41%"
            },
            {
                "Gene": "CTNNB1",
                "GeneMutation": "p.D32N Frameshift-LOF",
                "VariantAlleleFraction": "2.63%"
            },
            {
                "Gene": "CHD6",
                "GeneMutation": "p.I1600M Missensevariant(exon2)-GOF",
                "VariantAlleleFraction": "4.36%"
            },
            {
                "Gene": "MYOD1",
                "GeneMutation": "p.L122R Nonsense-GOF",
                "VariantAlleleFraction": "5.95%"
            }
        ],
        "Germline": []
    }
}