{
    "Additional Indicators": [
        {
            "description": "Unfavorable Prognosis",
            "therapy": "NCCN, Consensus, Non-Small Cell Lung Cancer",
            "mutation": "KRASp.G12C Gain-of-function"
        }
    ],
    "Clinical trials": [
        {
            "description": "A Study of VS-6766 v. VS-6766 + Defactinib in Recurrent G12V, Other KRAS and BRAF Non- Small Cell Lung Cancer ",
            "phase": "Phase 2",
            "mutations": [
                "KRAS"
            ]
        },
        {
            "description": "A Phase 1/2 Study of MRTX849 in Patients With Cancer Having a KRAS G12C Mutation KRYSTAL-1",
            "phase": "Phase 1/2",
            "mutations": [
                "KRAS",
                "STK11"
            ]
        },
        {
            "description": "First-in-human Study of DRP-104 (Sirpiglenastat) as Single Agent and in Combination With Atezolizumab in Patients With Advanced Solid Tumors. (NCT04471415)",
            "phase": "Phase 1/2",
            "mutations": [
                "NFE2L2",
                "STK11"
            ]
        }
    ],
    "variants of unknown significance": {
        "Somatic": [
            {
                "Gene": "NCSTN",
                "GeneMutation": "p.A572G Nonsense-LOF",
                "VariantAlleleFraction": "9.21%"
            },
            {
                "Gene": "HBA2",
                "GeneMutation": "p.*143Qext*31 Frameshift-GOF",
                "VariantAlleleFraction": "10.38%"
            },
            {
                "Gene": "FGFR1",
                "GeneMutation": "p.K656E Frameshift-GOF",
                "VariantAlleleFraction": "5.53%"
            },
            {
                "Gene": "HDAC1",
                "GeneMutation": "p.Y303H Frameshift-GOF",
                "VariantAlleleFraction": "5.11%"
            },
            {
                "Gene": "KLF1",
                "GeneMutation": "p.M39L Stopgain-LOF",
                "VariantAlleleFraction": "3.02%"
            },
            {
                "Gene": "BRCA1",
                "GeneMutation": "p.E23Vfs*17 Missensevariant(exon2)-GOF",
                "VariantAlleleFraction": "5.62%"
            },
            {
                "Gene": "MET",
                "GeneMutation": "p.Y1230H Nonsense-LOF",
                "VariantAlleleFraction": "2.51%"
            },
            {
                "Gene": "KLF1",
                "GeneMutation": "p.A298P Nonsense-LOF",
                "VariantAlleleFraction": "4.25%"
            }
        ],
        "Germline": [
            {
                "Gene": "MTOR",
                "GeneMutation": "p.F1888L Missensevariant(exon2)-GOF",
                "Condition": "doctor"
            },
            {
                "Gene": "ZEB2",
                "GeneMutation": "p.H1038R Missensevariant(exon2)-GOF",
                "Condition": "decade"
            }
        ]
    }
}