{
    "low coverage regions": [
        "BRAF"
    ],
    "genomic variants details": {
        "Somatic Variant Details - Potentially Actionable": [
            {
                "Gene": "CSF1R",
                "GeneMutation": "p.N648S Nonsense-GOF",
                "description": "KRAS is a GDP/GTP binding protein that acts as an intracellular signal transducer. KRAS is involved in several pathways involved in cellular proliferation and survival, including the PI3K-AKT-mTOR pathway and the Ras-Raf-MEK-ERK pathway. Activating mutations, copy number gains, and overexpression of KRAS are associated with cancer progression.",
                "VariantAlleleFraction": "4.29%"
            },
            {
                "Gene": "XPC",
                "GeneMutation": "p.S346P Spliceregionvariant-LOF",
                "description": "NFE2L2 acts as a transcription factor for proteins that contain an antioxidant response element (ARE) within their promoter sequence. Genes that contain ARE are involved in injury and inflammation response. Activating mutations and overexpression of NFE2L2 are associated with cancer progression.",
                "VariantAlleleFraction": "32.81%"
            },
            {
                "Gene": "MUTYH",
                "GeneMutation": "p.Q338H Spliceregionvariant-LOF",
                "description": "FAT1 encodes a transmembrane protein involved in tumor suppressor signaling. FAT1 protein can regulate transcriptional activity by sequestering beta-catenin, thereby preventing it from entering the nucleus. Loss of function mutations and copy number loss of FAT1 are associated with cancer progression.",
                "VariantAlleleFraction": "3.95%"
            },
            {
                "Gene": "BRCA2",
                "GeneMutation": "p.S1982Rfs*22 Frameshift-LOF",
                "description": "RBM10 encodes a protein that contains a RNA-binding motif and interacts with RNA homopolymers, and is thought to function in regulating alternative splicing. Loss of function mutations and copy number loss of RBM10 are associated with cancer progression.",
                "VariantAlleleFraction": "14.54%"
            }
        ],
        "Somatic Variant Details - Biologically Relevant": [
            {
                "Gene": "MTOR",
                "GeneMutation": "p.G1954R Stopgain-LOF",
                "description": "RBM10 encodes a protein that contains a RNA-binding motif and interacts with RNA homopolymers, and is thought to function in regulating alternative splicing. Loss of function mutations and copy number loss of RBM10 are associated with cancer progression.",
                "VariantAlleleFraction": "16.86%"
            },
            {
                "Gene": "ARID2",
                "GeneMutation": "p.F1888L Frameshift-GOF",
                "description": "ARID2 encodes a protein that is a subunit of the SWI/SNF chromatin remodeling complex SWI/SNF-B or PBAF. This complex functions in ligand-dependent transcriptional activation. Loss of function mutations and copy number loss of ARID2 are associated with cancer progression.",
                "VariantAlleleFraction": "8.99%"
            }
        ]
    },
    "clinical history": {
        "Date": "2023-10-09"
    },
    "other": {
        "ReportId": "7519",
        "ReportDate": "2023-10-18",
        "SignedBy": "Michelle White",
        "Supervisor": "Dr. Timothy Nelson"
    }
}