{
    "patient": {
        "Name": "Gregory Griffin",
        "DateOfBirth": "1987-01-05",
        "Sex": "Female",
        "Diagnosis": "Medullary thyroid cancer",
        "BodyPart": "Thyroid",
        "Physician": "Dr. Bryan Snyder",
        "TreatingInstitution": "Merritt, Gonzalez and Ramos"
    },
    "specimen": {
        "Tumor specimen": {
            "source": "Thyroid",
            "CollectedDate": "2024-02-02",
            "ReceivedDate": "2024-02-03",
            "TumorPercentage": "59%"
        },
        "Normal specimen": {
            "source": "Blood",
            "CollectedDate": "2024-02-08",
            "ReceivedDate": "2024-02-11"
        }
    },
    "genomic variants": {
        "Somatic - Potentially Actionable": [
            {
                "Gene": "SF3B1",
                "GeneMutation": "p.D781X Spliceregionvariant-LOF",
                "VariantAlleleFraction": "27.06%"
            }
        ],
        "Somatic - Biologically Relevant": [
            {
                "Gene": "ERCC2",
                "GeneMutation": "p.D781X Missensevariant(exon2)-GOF",
                "VariantAlleleFraction": "32.56%"
            },
            {
                "Gene": "KLF1",
                "GeneMutation": "p.N626X Nonsense-GOF",
                "VariantAlleleFraction": "3.7%"
            },
            {
                "Gene": "ALDH2",
                "GeneMutation": "p.G740X Spliceregionvariant-GOF",
                "VariantAlleleFraction": "6.72%"
            }
        ],
        "Germline - Pathogenic": [],
        "Pertinent Negatives": [
            "DNMT3A",
            "SDHD",
            "TOP2A"
        ]
    },
    "immunotherapy markers": [
        {
            "marker_name": "Tumor Mutational Burden",
            "TmbValue": "10 m/Mb",
            "Tmbpercentile": "83%",
            "Status type": "Microsatellite Instability Status",
            "statusvalue": "High"
        }
    ],
    "FDA-Approved Therapies": {
        "Current Diagnosis": [
            {
                "Mechanism": "KRAS G12C Inhibitors",
                "Medication": "Sotorasib",
                "Recommendations": [
                    "NCCN, Consensus, Non-Small Cell Lung Cancer",
                    "MSK OncoKB, Level 1"
                ],
                "Relevant Mutation": "KRASp.G12C G12C-GOF"
            }
        ],
        "Other Indications": [
            {
                "Mechanism": "KRAS G12C Inhibitors",
                "Medication": "Sotorasib",
                "Recommendations": [
                    "NCCN, Consensus, Non-Small Cell Lung Cancer",
                    "MSK OncoKB, Level 1"
                ],
                "Relevant Mutation": "KRASp.G12C G12C-GOF"
            }
        ]
    }
}