{
    "patient": {
        "Name": "James Hayes",
        "DateOfBirth": "1957-03-17",
        "Sex": "Male",
        "Diagnosis": "Invasive ductal carcinoma",
        "BodyPart": "Breast",
        "Physician": "Dr. Terri Francis",
        "TreatingInstitution": "Ho-Jackson"
    },
    "specimen": {
        "Tumor specimen": {
            "source": "Breast",
            "CollectedDate": "2024-04-16",
            "ReceivedDate": "2024-04-16",
            "TumorPercentage": "85%"
        },
        "Normal specimen": {
            "source": "Blood",
            "CollectedDate": "2024-04-17",
            "ReceivedDate": "2024-04-19"
        }
    },
    "genomic variants": {
        "Somatic - Potentially Actionable": [
            {
                "Gene": "KIT",
                "GeneMutation": "p.K818Q Frameshift-LOF",
                "VariantAlleleFraction": "3.21%"
            },
            {
                "Gene": "PHF6",
                "GeneMutation": "p.R225X Stopgain-LOF",
                "VariantAlleleFraction": "7.95%"
            }
        ],
        "Somatic - Biologically Relevant": [
            {
                "Gene": "SDHD",
                "GeneMutation": "p.G12S Stopgain-LOF",
                "VariantAlleleFraction": "1.69%"
            },
            {
                "Gene": "SIX1",
                "GeneMutation": "p.G12S Frameshift-GOF",
                "VariantAlleleFraction": "17.8%"
            },
            {
                "Gene": "FGFR2",
                "GeneMutation": "p.C382R Nonsense-GOF",
                "VariantAlleleFraction": "8.51%"
            }
        ],
        "Germline - Pathogenic": [],
        "Pertinent Negatives": [
            "PKLR",
            "FGFR3",
            "PRKCA",
            "HDAC1"
        ]
    },
    "immunotherapy markers": [
        {
            "marker_name": "Tumor Mutational Burden",
            "TmbValue": "28 m/Mb",
            "Tmbpercentile": "81%",
            "Status type": "Microsatellite Instability Status",
            "statusvalue": "Stable"
        }
    ],
    "FDA-Approved Therapies": {
        "Current Diagnosis": [
            {
                "Mechanism": "KRAS G12C Inhibitors",
                "Medication": "Sotorasib",
                "Recommendations": [
                    "NCCN, Consensus, Non-Small Cell Lung Cancer",
                    "MSK OncoKB, Level 1"
                ],
                "Relevant Mutation": "KRASp.G12C G12C-GOF"
            }
        ],
        "Other Indications": [
            {
                "Mechanism": "KRAS G12C Inhibitors",
                "Medication": "Sotorasib",
                "Recommendations": [
                    "NCCN, Consensus, Non-Small Cell Lung Cancer",
                    "MSK OncoKB, Level 1"
                ],
                "Relevant Mutation": "KRASp.G12C G12C-GOF"
            }
        ]
    }
}