{
    "low coverage regions": [
        "PHF6",
        "SDHB"
    ],
    "genomic variants details": {
        "Somatic Variant Details - Potentially Actionable": [
            {
                "Gene": "FLT3",
                "GeneMutation": "p.V592A Nonsense-LOF",
                "description": "FAT1 encodes a transmembrane protein involved in tumor suppressor signaling. FAT1 protein can regulate transcriptional activity by sequestering beta-catenin, thereby preventing it from entering the nucleus. Loss of function mutations and copy number loss of FAT1 are associated with cancer progression.",
                "VariantAlleleFraction": "3.72%"
            },
            {
                "Gene": "HDAC1",
                "GeneMutation": "p.Y303H Missensevariant(exon2)-GOF",
                "description": "NFE2L2 acts as a transcription factor for proteins that contain an antioxidant response element (ARE) within their promoter sequence. Genes that contain ARE are involved in injury and inflammation response. Activating mutations and overexpression of NFE2L2 are associated with cancer progression.",
                "VariantAlleleFraction": "12.51%"
            }
        ],
        "Somatic Variant Details - Biologically Relevant": [
            {
                "Gene": "PTEN",
                "GeneMutation": "p.L182* Nonsense-LOF",
                "description": "PTEN encodes a phosphatase that acts as a tumor suppressor by negatively regulating the PI3K-AKT-mTOR pathway. Loss of function mutations, copy number loss, and underexpression of PTEN are associated with cancer progression.",
                "VariantAlleleFraction": "29.33%"
            },
            {
                "Gene": "FGFR4",
                "GeneMutation": "p.G388R Frameshift-LOF",
                "description": "KRAS is a GDP/GTP binding protein that acts as an intracellular signal transducer. KRAS is involved in several pathways involved in cellular proliferation and survival, including the PI3K-AKT-mTOR pathway and the Ras-Raf-MEK-ERK pathway. Activating mutations, copy number gains, and overexpression of KRAS are associated with cancer progression.",
                "VariantAlleleFraction": "2.8%"
            },
            {
                "Gene": "PTPN11",
                "GeneMutation": "p.R130G Frameshift-GOF",
                "description": "TP53 encodes a protein that is a transcription factor that regulates the expression of genes involved in cell cycle arrest, apoptosis, and DNA repair. TP53 is a tumor suppressor gene that is mutated in many cancers. Mutations in TP53 are associated with cancer progression.",
                "VariantAlleleFraction": "1.35%"
            },
            {
                "Gene": "MSH2",
                "GeneMutation": "p.R130Q Frameshift-LOF",
                "description": "PTEN encodes a phosphatase that acts as a tumor suppressor by negatively regulating the PI3K-AKT-mTOR pathway. Loss of function mutations, copy number loss, and underexpression of PTEN are associated with cancer progression.",
                "VariantAlleleFraction": "10.1%"
            },
            {
                "Gene": "MTOR",
                "GeneMutation": "p.R130P Nonsense-LOF",
                "description": "TP53 encodes a protein that is a transcription factor that regulates the expression of genes involved in cell cycle arrest, apoptosis, and DNA repair. TP53 is a tumor suppressor gene that is mutated in many cancers. Mutations in TP53 are associated with cancer progression.",
                "VariantAlleleFraction": "5.02%"
            },
            {
                "Gene": "CTNNB1",
                "GeneMutation": "p.S37F Spliceregionvariant-GOF",
                "description": "RBM10 encodes a protein that contains a RNA-binding motif and interacts with RNA homopolymers, and is thought to function in regulating alternative splicing. Loss of function mutations and copy number loss of RBM10 are associated with cancer progression.",
                "VariantAlleleFraction": "1.29%"
            }
        ]
    },
    "clinical history": {
        "Date": "2023-09-22"
    },
    "other": {
        "ReportId": "3351",
        "ReportDate": "2023-09-30",
        "SignedBy": "Cheryl Santos",
        "Supervisor": "Dr. Jose Lopez"
    }
}