{
    "low coverage regions": [
        "ZEB2",
        "TOP2A"
    ],
    "genomic variants details": {
        "Somatic Variant Details - Potentially Actionable": [
            {
                "Gene": "ARID2",
                "GeneMutation": " p.W266* Stopgain-LOF",
                "description": "ARID2 encodes a protein that is a subunit of the SWI/SNF chromatin remodeling complex SWI/SNF-B or PBAF. This complex functions in ligand-dependent transcriptional activation. Loss of function mutations and copy number loss of ARID2 are associated with cancer progression.",
                "VariantAlleleFraction": "35.9%"
            },
            {
                "Gene": "IDH1",
                "GeneMutation": "p.R132H Nonsense-GOF",
                "description": "KRAS is a GDP/GTP binding protein that acts as an intracellular signal transducer. KRAS is involved in several pathways involved in cellular proliferation and survival, including the PI3K-AKT-mTOR pathway and the Ras-Raf-MEK-ERK pathway. Activating mutations, copy number gains, and overexpression of KRAS are associated with cancer progression.",
                "VariantAlleleFraction": "32.59%"
            },
            {
                "Gene": "TOP2A",
                "GeneMutation": "p.A1515S Stopgain-LOF",
                "description": "KRAS is a GDP/GTP binding protein that acts as an intracellular signal transducer. KRAS is involved in several pathways involved in cellular proliferation and survival, including the PI3K-AKT-mTOR pathway and the Ras-Raf-MEK-ERK pathway. Activating mutations, copy number gains, and overexpression of KRAS are associated with cancer progression.",
                "VariantAlleleFraction": "25.8%"
            }
        ],
        "Somatic Variant Details - Biologically Relevant": [
            {
                "Gene": "FGFR3",
                "GeneMutation": "p.A1515S Spliceregionvariant-LOF",
                "description": "RBM10 encodes a protein that contains a RNA-binding motif and interacts with RNA homopolymers, and is thought to function in regulating alternative splicing. Loss of function mutations and copy number loss of RBM10 are associated with cancer progression.",
                "VariantAlleleFraction": "15.97%"
            },
            {
                "Gene": "IDH1",
                "GeneMutation": "p.R132C Nonsense-LOF",
                "description": "NFE2L2 acts as a transcription factor for proteins that contain an antioxidant response element (ARE) within their promoter sequence. Genes that contain ARE are involved in injury and inflammation response. Activating mutations and overexpression of NFE2L2 are associated with cancer progression.",
                "VariantAlleleFraction": "2.0%"
            }
        ]
    },
    "clinical history": {
        "Date": "2023-05-06"
    },
    "other": {
        "ReportId": "7682",
        "ReportDate": "2023-05-13",
        "SignedBy": "Philip Marquez",
        "Supervisor": "Dr. David Medina"
    }
}