{
    "Additional Indicators": [
        {
            "description": "Unfavorable Prognosis",
            "therapy": "NCCN, Consensus, Non-Small Cell Lung Cancer",
            "mutation": "KRASp.G12C Gain-of-function"
        }
    ],
    "Clinical trials": [
        {
            "description": "A Study of VS-6766 v. VS-6766 + Defactinib in Recurrent G12V, Other KRAS and BRAF Non- Small Cell Lung Cancer ",
            "phase": "Phase 2",
            "mutations": [
                "KRAS"
            ]
        },
        {
            "description": "A Phase 1/2 Study of MRTX849 in Patients With Cancer Having a KRAS G12C Mutation KRYSTAL-1",
            "phase": "Phase 1/2",
            "mutations": [
                "KRAS",
                "STK11"
            ]
        },
        {
            "description": "First-in-human Study of DRP-104 (Sirpiglenastat) as Single Agent and in Combination With Atezolizumab in Patients With Advanced Solid Tumors. (NCT04471415)",
            "phase": "Phase 1/2",
            "mutations": [
                "NFE2L2",
                "STK11"
            ]
        }
    ],
    "variants of unknown significance": {
        "Somatic": [
            {
                "Gene": "DICER1",
                "GeneMutation": "p.E1705V Frameshift-GOF",
                "VariantAlleleFraction": "10.63%"
            },
            {
                "Gene": "HBB",
                "GeneMutation": "p.E27K Spliceregionvariant-GOF",
                "VariantAlleleFraction": "18.81%"
            },
            {
                "Gene": "MYO1G",
                "GeneMutation": "p.V49M Nonsense-GOF",
                "VariantAlleleFraction": "3.43%"
            },
            {
                "Gene": "TLR8",
                "GeneMutation": "p.N515H Missensevariant(exon2)-GOF",
                "VariantAlleleFraction": "2.28%"
            },
            {
                "Gene": "PHF6",
                "GeneMutation": "p.R225X Spliceregionvariant-GOF",
                "VariantAlleleFraction": "3.88%"
            },
            {
                "Gene": "BRCA2",
                "GeneMutation": "p.S1982Rfs*22 Nonsense-GOF",
                "VariantAlleleFraction": "8.32%"
            },
            {
                "Gene": "PHF6",
                "GeneMutation": "p.R225X Spliceregionvariant-GOF",
                "VariantAlleleFraction": "3.86%"
            }
        ],
        "Germline": [
            {
                "Gene": "SDHB",
                "GeneMutation": "p.S163P Nonsense-LOF",
                "Condition": "recent"
            }
        ]
    }
}