{
    "Additional Indicators": [
        {
            "description": "Unfavorable Prognosis",
            "therapy": "NCCN, Consensus, Non-Small Cell Lung Cancer",
            "mutation": "KRASp.G12C Gain-of-function"
        }
    ],
    "Clinical trials": [
        {
            "description": "A Study of VS-6766 v. VS-6766 + Defactinib in Recurrent G12V, Other KRAS and BRAF Non- Small Cell Lung Cancer ",
            "phase": "Phase 2",
            "mutations": [
                "KRAS"
            ]
        },
        {
            "description": "A Phase 1/2 Study of MRTX849 in Patients With Cancer Having a KRAS G12C Mutation KRYSTAL-1",
            "phase": "Phase 1/2",
            "mutations": [
                "KRAS",
                "STK11"
            ]
        },
        {
            "description": "First-in-human Study of DRP-104 (Sirpiglenastat) as Single Agent and in Combination With Atezolizumab in Patients With Advanced Solid Tumors. (NCT04471415)",
            "phase": "Phase 1/2",
            "mutations": [
                "NFE2L2",
                "STK11"
            ]
        }
    ],
    "variants of unknown significance": {
        "Somatic": [
            {
                "Gene": "MET",
                "GeneMutation": "p.S1236R Frameshift-LOF",
                "VariantAlleleFraction": "1.71%"
            },
            {
                "Gene": "HBA2",
                "GeneMutation": "p.*143Qext*31 Nonsense-GOF",
                "VariantAlleleFraction": "16.91%"
            },
            {
                "Gene": "XPC",
                "GeneMutation": "p.S346P Missensevariant(exon2)-GOF",
                "VariantAlleleFraction": "7.8%"
            },
            {
                "Gene": "FOXL2",
                "GeneMutation": "p.C134W Spliceregionvariant-LOF",
                "VariantAlleleFraction": "8.76%"
            },
            {
                "Gene": "FOXL2",
                "GeneMutation": "p.C134W Spliceregionvariant-LOF",
                "VariantAlleleFraction": "1.86%"
            },
            {
                "Gene": "PDGFRB",
                "GeneMutation": "p.T681I Frameshift-LOF",
                "VariantAlleleFraction": "8.15%"
            },
            {
                "Gene": "PAX5",
                "GeneMutation": "p.A322T Stopgain-LOF",
                "VariantAlleleFraction": "7.15%"
            },
            {
                "Gene": "HBA2",
                "GeneMutation": "p.*143Qext*31 Nonsense-LOF",
                "VariantAlleleFraction": "8.7%"
            }
        ],
        "Germline": [
            {
                "Gene": "PRKCA",
                "GeneMutation": "p.D463H Nonsense-GOF",
                "Condition": "leg"
            },
            {
                "Gene": "STAG2",
                "GeneMutation": "p.R1012X Frameshift-LOF",
                "Condition": "cell"
            }
        ]
    }
}