{
    "patient": {
        "Name": "Amanda Payne",
        "DateOfBirth": "1972-11-07",
        "Sex": "Male",
        "Diagnosis": "Invasive lobular carcinoma",
        "BodyPart": "Breast",
        "Physician": "Dr. Donald Fowler",
        "TreatingInstitution": "Lopez, Fisher and Bryan"
    },
    "specimen": {
        "Tumor specimen": {
            "source": "Breast",
            "CollectedDate": "2023-09-16",
            "ReceivedDate": "2023-09-18",
            "TumorPercentage": "59%"
        },
        "Normal specimen": {
            "source": "Blood",
            "CollectedDate": "2023-09-23",
            "ReceivedDate": "2023-09-29"
        }
    },
    "genomic variants": {
        "Somatic - Potentially Actionable": [
            {
                "Gene": "FOXL2",
                "GeneMutation": "p.C134W Nonsense-GOF",
                "VariantAlleleFraction": "15.4%"
            }
        ],
        "Somatic - Biologically Relevant": [
            {
                "Gene": "NF1",
                "GeneMutation": "p.C134W Spliceregionvariant-GOF",
                "VariantAlleleFraction": "33.58%"
            },
            {
                "Gene": "CDKN2A",
                "GeneMutation": "p.N1465S Frameshift-GOF",
                "VariantAlleleFraction": "24.97%"
            }
        ],
        "Germline - Pathogenic": [],
        "Pertinent Negatives": [
            "BLM",
            "RB1",
            "BRCA2",
            "CSF3R"
        ]
    },
    "immunotherapy markers": [
        {
            "marker_name": "Tumor Mutational Burden",
            "TmbValue": "1 m/Mb",
            "Tmbpercentile": "58%",
            "Status type": "Microsatellite Instability Status",
            "statusvalue": "High"
        }
    ],
    "FDA-Approved Therapies": {
        "Current Diagnosis": [
            {
                "Mechanism": "KRAS G12C Inhibitors",
                "Medication": "Sotorasib",
                "Recommendations": [
                    "NCCN, Consensus, Non-Small Cell Lung Cancer",
                    "MSK OncoKB, Level 1"
                ],
                "Relevant Mutation": "KRASp.G12C G12C-GOF"
            }
        ],
        "Other Indications": [
            {
                "Mechanism": "KRAS G12C Inhibitors",
                "Medication": "Sotorasib",
                "Recommendations": [
                    "NCCN, Consensus, Non-Small Cell Lung Cancer",
                    "MSK OncoKB, Level 1"
                ],
                "Relevant Mutation": "KRASp.G12C G12C-GOF"
            }
        ]
    }
}