{
    "low coverage regions": [
        "FOXL2",
        "PDGFRA"
    ],
    "genomic variants details": {
        "Somatic Variant Details - Potentially Actionable": [
            {
                "Gene": "FOXL2",
                "GeneMutation": "p.C134W Spliceregionvariant-LOF",
                "description": "TP53 encodes a protein that is a transcription factor that regulates the expression of genes involved in cell cycle arrest, apoptosis, and DNA repair. TP53 is a tumor suppressor gene that is mutated in many cancers. Mutations in TP53 are associated with cancer progression.",
                "VariantAlleleFraction": "5.64%"
            },
            {
                "Gene": "AKT1",
                "GeneMutation": "p.E17K Missensevariant(exon2)-GOF",
                "description": "PTEN encodes a phosphatase that acts as a tumor suppressor by negatively regulating the PI3K-AKT-mTOR pathway. Loss of function mutations, copy number loss, and underexpression of PTEN are associated with cancer progression.",
                "VariantAlleleFraction": "7.82%"
            }
        ],
        "Somatic Variant Details - Biologically Relevant": [
            {
                "Gene": "CSF3R",
                "GeneMutation": "p.G751A Nonsense-GOF",
                "description": "BCL11B encodes a C2H2-type zinc finger protein that functions as a transcriptional repressor and plays a role in T-cell development and survival. Loss of function mutations, copy number loss, and fusions resulting in the underexpression of BCL11B are associated with cancer progression.",
                "VariantAlleleFraction": "23.83%"
            },
            {
                "Gene": "CTNNB1",
                "GeneMutation": "p.D32G Stopgain-LOF",
                "description": "PTEN encodes a phosphatase that acts as a tumor suppressor by negatively regulating the PI3K-AKT-mTOR pathway. Loss of function mutations, copy number loss, and underexpression of PTEN are associated with cancer progression.",
                "VariantAlleleFraction": "4.13%"
            }
        ]
    },
    "clinical history": {
        "Date": "2023-07-29"
    },
    "other": {
        "ReportId": "8439",
        "ReportDate": "2023-07-30",
        "SignedBy": "Lisa Garrett",
        "Supervisor": "Dr. Michael Scott"
    }
}