{
    "patient": {
        "Name": "Marilyn Mcbride",
        "DateOfBirth": "2000-04-16",
        "Sex": "Male",
        "Diagnosis": "Large cell carcinoma",
        "BodyPart": "Lung",
        "Physician": "Dr. Jennifer Johnson",
        "TreatingInstitution": "Gutierrez Group"
    },
    "specimen": {
        "Tumor specimen": {
            "source": "Lung",
            "CollectedDate": "2023-12-29",
            "ReceivedDate": "2023-12-29",
            "TumorPercentage": "72%"
        },
        "Normal specimen": {
            "source": "Blood",
            "CollectedDate": "2024-01-02",
            "ReceivedDate": "2024-01-07"
        }
    },
    "genomic variants": {
        "Somatic - Potentially Actionable": [
            {
                "Gene": "NF1",
                "GeneMutation": "p.S2309Cfs*10 Frameshift-LOF",
                "VariantAlleleFraction": "3.51%"
            }
        ],
        "Somatic - Biologically Relevant": [
            {
                "Gene": "IKZF1",
                "GeneMutation": "p.N1465S Missensevariant(exon2)-GOF",
                "VariantAlleleFraction": "18.76%"
            },
            {
                "Gene": "MPL",
                "GeneMutation": "p.W515K Spliceregionvariant-GOF",
                "VariantAlleleFraction": "21.92%"
            }
        ],
        "Germline - Pathogenic": [],
        "Pertinent Negatives": [
            "CSF1R",
            "HBB",
            "ERCC2",
            "IDH1"
        ]
    },
    "immunotherapy markers": [
        {
            "marker_name": "Tumor Mutational Burden",
            "TmbValue": "18 m/Mb",
            "Tmbpercentile": "89%",
            "Status type": "Microsatellite Instability Status",
            "statusvalue": "Stable"
        }
    ],
    "FDA-Approved Therapies": {
        "Current Diagnosis": [
            {
                "Mechanism": "KRAS G12C Inhibitors",
                "Medication": "Sotorasib",
                "Recommendations": [
                    "NCCN, Consensus, Non-Small Cell Lung Cancer",
                    "MSK OncoKB, Level 1"
                ],
                "Relevant Mutation": "KRASp.G12C G12C-GOF"
            }
        ],
        "Other Indications": [
            {
                "Mechanism": "KRAS G12C Inhibitors",
                "Medication": "Sotorasib",
                "Recommendations": [
                    "NCCN, Consensus, Non-Small Cell Lung Cancer",
                    "MSK OncoKB, Level 1"
                ],
                "Relevant Mutation": "KRASp.G12C G12C-GOF"
            }
        ]
    }
}