{
    "Additional Indicators": [
        {
            "description": "Unfavorable Prognosis",
            "therapy": "NCCN, Consensus, Non-Small Cell Lung Cancer",
            "mutation": "KRASp.G12C Gain-of-function"
        }
    ],
    "Clinical trials": [
        {
            "description": "A Study of VS-6766 v. VS-6766 + Defactinib in Recurrent G12V, Other KRAS and BRAF Non- Small Cell Lung Cancer ",
            "phase": "Phase 2",
            "mutations": [
                "KRAS"
            ]
        },
        {
            "description": "A Phase 1/2 Study of MRTX849 in Patients With Cancer Having a KRAS G12C Mutation KRYSTAL-1",
            "phase": "Phase 1/2",
            "mutations": [
                "KRAS",
                "STK11"
            ]
        },
        {
            "description": "First-in-human Study of DRP-104 (Sirpiglenastat) as Single Agent and in Combination With Atezolizumab in Patients With Advanced Solid Tumors. (NCT04471415)",
            "phase": "Phase 1/2",
            "mutations": [
                "NFE2L2",
                "STK11"
            ]
        }
    ],
    "variants of unknown significance": {
        "Somatic": [
            {
                "Gene": "HSP90B1",
                "GeneMutation": "p.I66T Spliceregionvariant-LOF",
                "VariantAlleleFraction": "8.77%"
            },
            {
                "Gene": "BLM",
                "GeneMutation": "p.Y736fs*4 Nonsense-GOF",
                "VariantAlleleFraction": "15.44%"
            },
            {
                "Gene": "PHF6",
                "GeneMutation": "p.R225X Nonsense-LOF",
                "VariantAlleleFraction": "8.08%"
            },
            {
                "Gene": "MYCN",
                "GeneMutation": "p.P44L Frameshift-GOF",
                "VariantAlleleFraction": "1.52%"
            },
            {
                "Gene": "KLF1",
                "GeneMutation": "p.M39L Missensevariant(exon2)-GOF",
                "VariantAlleleFraction": "5.52%"
            },
            {
                "Gene": "PTCH1",
                "GeneMutation": "p.T1195S Frameshift-GOF",
                "VariantAlleleFraction": "3.41%"
            }
        ],
        "Germline": [
            {
                "Gene": "NOTCH1",
                "GeneMutation": "p.G1196D Nonsense-GOF",
                "Condition": "realize"
            },
            {
                "Gene": "KLF1",
                "GeneMutation": "p.M39L Stopgain-LOF",
                "Condition": "deal"
            }
        ]
    }
}