{
    "Additional Indicators": [
        {
            "description": "Unfavorable Prognosis",
            "therapy": "NCCN, Consensus, Non-Small Cell Lung Cancer",
            "mutation": "KRASp.G12C Gain-of-function"
        }
    ],
    "Clinical trials": [
        {
            "description": "A Study of VS-6766 v. VS-6766 + Defactinib in Recurrent G12V, Other KRAS and BRAF Non- Small Cell Lung Cancer ",
            "phase": "Phase 2",
            "mutations": [
                "KRAS"
            ]
        },
        {
            "description": "A Phase 1/2 Study of MRTX849 in Patients With Cancer Having a KRAS G12C Mutation KRYSTAL-1",
            "phase": "Phase 1/2",
            "mutations": [
                "KRAS",
                "STK11"
            ]
        },
        {
            "description": "First-in-human Study of DRP-104 (Sirpiglenastat) as Single Agent and in Combination With Atezolizumab in Patients With Advanced Solid Tumors. (NCT04471415)",
            "phase": "Phase 1/2",
            "mutations": [
                "NFE2L2",
                "STK11"
            ]
        }
    ],
    "variants of unknown significance": {
        "Somatic": [
            {
                "Gene": "NT5C2",
                "GeneMutation": "p.R367Q Frameshift-LOF",
                "VariantAlleleFraction": "3.28%"
            },
            {
                "Gene": "FOXL2",
                "GeneMutation": "p.C134W Frameshift-GOF",
                "VariantAlleleFraction": "17.3%"
            },
            {
                "Gene": "PTCH1",
                "GeneMutation": "p.T1195S Nonsense-GOF",
                "VariantAlleleFraction": "6.22%"
            },
            {
                "Gene": "AKT1",
                "GeneMutation": "p.E17K Spliceregionvariant-GOF",
                "VariantAlleleFraction": "9.05%"
            },
            {
                "Gene": "CHEK2",
                "GeneMutation": "p.I157T Nonsense-GOF",
                "VariantAlleleFraction": "8.56%"
            },
            {
                "Gene": "ARHGAP45",
                "GeneMutation": "p.R139H Frameshift-GOF",
                "VariantAlleleFraction": "5.47%"
            }
        ],
        "Germline": [
            {
                "Gene": "MYO1G",
                "GeneMutation": "p.V49M Missensevariant(exon2)-GOF",
                "Condition": "west"
            },
            {
                "Gene": "U2AF1",
                "GeneMutation": "p.Q157X Spliceregionvariant-GOF",
                "Condition": "nice"
            }
        ]
    }
}