{
    "patient": {
        "Name": "Jasmine Hood",
        "DateOfBirth": "1960-09-25",
        "Sex": "Male",
        "Diagnosis": "Squamous cell carcinoma",
        "BodyPart": "Prostate",
        "Physician": "Dr. Rachel Wright",
        "TreatingInstitution": "Crawford and Sons"
    },
    "specimen": {
        "Tumor specimen": {
            "source": "Prostate",
            "CollectedDate": "2023-11-30",
            "ReceivedDate": "2023-11-30",
            "TumorPercentage": "65%"
        },
        "Normal specimen": {
            "source": "Blood",
            "CollectedDate": "2023-12-07",
            "ReceivedDate": "2023-12-09"
        }
    },
    "genomic variants": {
        "Somatic - Potentially Actionable": [
            {
                "Gene": "BRCA1",
                "GeneMutation": "p.E23Vfs*17 Frameshift-LOF",
                "VariantAlleleFraction": "15.0%"
            },
            {
                "Gene": "TOP2A",
                "GeneMutation": "p.A1515S Frameshift-LOF",
                "VariantAlleleFraction": "7.18%"
            }
        ],
        "Somatic - Biologically Relevant": [
            {
                "Gene": "ARID2",
                "GeneMutation": "p.A1515S Stopgain-LOF",
                "VariantAlleleFraction": "10.79%"
            },
            {
                "Gene": "ALDH2",
                "GeneMutation": "p.A1515S Stopgain-LOF",
                "VariantAlleleFraction": "21.97%"
            },
            {
                "Gene": "DDR2",
                "GeneMutation": "p.L239R Stopgain-LOF",
                "VariantAlleleFraction": "10.49%"
            },
            {
                "Gene": "ERCC2",
                "GeneMutation": "p.E504K Stopgain-LOF",
                "VariantAlleleFraction": "12.08%"
            },
            {
                "Gene": "PKLR",
                "GeneMutation": "p.F332V Spliceregionvariant-LOF",
                "VariantAlleleFraction": "1.33%"
            }
        ],
        "Germline - Pathogenic": [],
        "Pertinent Negatives": [
            "MUTYH",
            "ALK",
            "DNMT3A",
            "PTEN"
        ]
    },
    "immunotherapy markers": [
        {
            "marker_name": "Tumor Mutational Burden",
            "TmbValue": "2 m/Mb",
            "Tmbpercentile": "31%",
            "Status type": "Microsatellite Instability Status",
            "statusvalue": "Equivocal"
        }
    ],
    "FDA-Approved Therapies": {
        "Current Diagnosis": [
            {
                "Mechanism": "KRAS G12C Inhibitors",
                "Medication": "Sotorasib",
                "Recommendations": [
                    "NCCN, Consensus, Non-Small Cell Lung Cancer",
                    "MSK OncoKB, Level 1"
                ],
                "Relevant Mutation": "KRASp.G12C G12C-GOF"
            }
        ],
        "Other Indications": [
            {
                "Mechanism": "KRAS G12C Inhibitors",
                "Medication": "Sotorasib",
                "Recommendations": [
                    "NCCN, Consensus, Non-Small Cell Lung Cancer",
                    "MSK OncoKB, Level 1"
                ],
                "Relevant Mutation": "KRASp.G12C G12C-GOF"
            }
        ]
    }
}