{
    "low coverage regions": [
        "ERCC2",
        "IDH1"
    ],
    "genomic variants details": {
        "Somatic Variant Details - Potentially Actionable": [
            {
                "Gene": "ARID2",
                "GeneMutation": " p.W266* Stopgain-LOF",
                "description": "ARID2 encodes a protein that is a subunit of the SWI/SNF chromatin remodeling complex SWI/SNF-B or PBAF. This complex functions in ligand-dependent transcriptional activation. Loss of function mutations and copy number loss of ARID2 are associated with cancer progression.",
                "VariantAlleleFraction": "5.87%"
            }
        ],
        "Somatic Variant Details - Biologically Relevant": [
            {
                "Gene": "CALR",
                "GeneMutation": "p.L367fs*46 Spliceregionvariant-LOF",
                "description": "PTEN encodes a phosphatase that acts as a tumor suppressor by negatively regulating the PI3K-AKT-mTOR pathway. Loss of function mutations, copy number loss, and underexpression of PTEN are associated with cancer progression.",
                "VariantAlleleFraction": "10.76%"
            },
            {
                "Gene": "CSF3R",
                "GeneMutation": " p.W266* Missensevariant(exon2)-GOF",
                "description": "PTEN encodes a phosphatase that acts as a tumor suppressor by negatively regulating the PI3K-AKT-mTOR pathway. Loss of function mutations, copy number loss, and underexpression of PTEN are associated with cancer progression.",
                "VariantAlleleFraction": "25.98%"
            },
            {
                "Gene": "CDC73",
                "GeneMutation": " p.W266* Stopgain-LOF",
                "description": "STK11 (LKB1) encodes an enzyme in the serine/threonine kinase family that is responsible for maintaining energy metabolism and cellular polarization through the activation of AMP-activated protein kinase and other members of the AMPK family. The enzyme also acts as a tumor suppressor by regulating cell growth. Loss of function mutations, copy number loss, epigenetic variation, and underexpression of STK11 are associated with cancer progression.",
                "VariantAlleleFraction": "17.65%"
            }
        ]
    },
    "clinical history": {
        "Date": "2024-03-07"
    },
    "other": {
        "ReportId": "9048",
        "ReportDate": "2024-03-10",
        "SignedBy": "Christopher Reynolds",
        "Supervisor": "Dr. Allison Owens"
    }
}