{
    "patient": {
        "Name": "Tanner Harris",
        "DateOfBirth": "1988-04-26",
        "Sex": "Female",
        "Diagnosis": "Chronic lymphocytic leukemia (CLL)",
        "BodyPart": "Leukemia",
        "Physician": "Dr. Kimberly Lee",
        "TreatingInstitution": "Austin and Sons"
    },
    "specimen": {
        "Tumor specimen": {
            "source": "Leukemia",
            "CollectedDate": "2023-11-07",
            "ReceivedDate": "2023-11-07",
            "TumorPercentage": "39%"
        },
        "Normal specimen": {
            "source": "Blood",
            "CollectedDate": "2023-11-09",
            "ReceivedDate": "2023-11-10"
        }
    },
    "genomic variants": {
        "Somatic - Potentially Actionable": [
            {
                "Gene": "FBXW7",
                "GeneMutation": "p.R465H Missensevariant(exon2)-GOF",
                "VariantAlleleFraction": "25.84%"
            },
            {
                "Gene": "B2M",
                "GeneMutation": "p.M1R Spliceregionvariant-LOF",
                "VariantAlleleFraction": "7.14%"
            },
            {
                "Gene": "NOTCH1",
                "GeneMutation": "p.S2467Pfs*7 Frameshift-LOF",
                "VariantAlleleFraction": "15.36%"
            },
            {
                "Gene": "PHF6",
                "GeneMutation": "p.R225X Nonsense-LOF",
                "VariantAlleleFraction": "13.59%"
            }
        ],
        "Somatic - Biologically Relevant": [
            {
                "Gene": "PTEN",
                "GeneMutation": "p.R130L Missensevariant(exon2)-GOF",
                "VariantAlleleFraction": "2.92%"
            },
            {
                "Gene": "NCSTN",
                "GeneMutation": "p.R130L Nonsense-LOF",
                "VariantAlleleFraction": "14.44%"
            }
        ],
        "Germline - Pathogenic": [],
        "Pertinent Negatives": [
            "SDHD",
            "SF3B1",
            "PRKCA"
        ]
    },
    "immunotherapy markers": [
        {
            "marker_name": "Tumor Mutational Burden",
            "TmbValue": "15 m/Mb",
            "Tmbpercentile": "77%",
            "Status type": "Microsatellite Instability Status",
            "statusvalue": "Stable"
        }
    ],
    "FDA-Approved Therapies": {
        "Current Diagnosis": [
            {
                "Mechanism": "KRAS G12C Inhibitors",
                "Medication": "Sotorasib",
                "Recommendations": [
                    "NCCN, Consensus, Non-Small Cell Lung Cancer",
                    "MSK OncoKB, Level 1"
                ],
                "Relevant Mutation": "KRASp.G12C G12C-GOF"
            }
        ],
        "Other Indications": [
            {
                "Mechanism": "KRAS G12C Inhibitors",
                "Medication": "Sotorasib",
                "Recommendations": [
                    "NCCN, Consensus, Non-Small Cell Lung Cancer",
                    "MSK OncoKB, Level 1"
                ],
                "Relevant Mutation": "KRASp.G12C G12C-GOF"
            }
        ]
    }
}