{
    "Additional Indicators": [
        {
            "description": "Unfavorable Prognosis",
            "therapy": "NCCN, Consensus, Non-Small Cell Lung Cancer",
            "mutation": "KRASp.G12C Gain-of-function"
        }
    ],
    "Clinical trials": [
        {
            "description": "A Study of VS-6766 v. VS-6766 + Defactinib in Recurrent G12V, Other KRAS and BRAF Non- Small Cell Lung Cancer ",
            "phase": "Phase 2",
            "mutations": [
                "KRAS"
            ]
        },
        {
            "description": "A Phase 1/2 Study of MRTX849 in Patients With Cancer Having a KRAS G12C Mutation KRYSTAL-1",
            "phase": "Phase 1/2",
            "mutations": [
                "KRAS",
                "STK11"
            ]
        },
        {
            "description": "First-in-human Study of DRP-104 (Sirpiglenastat) as Single Agent and in Combination With Atezolizumab in Patients With Advanced Solid Tumors. (NCT04471415)",
            "phase": "Phase 1/2",
            "mutations": [
                "NFE2L2",
                "STK11"
            ]
        }
    ],
    "variants of unknown significance": {
        "Somatic": [
            {
                "Gene": "SRSF2",
                "GeneMutation": "p.P95X Spliceregionvariant-LOF",
                "VariantAlleleFraction": "21.92%"
            },
            {
                "Gene": "ARID2",
                "GeneMutation": " p.W266* Spliceregionvariant-LOF",
                "VariantAlleleFraction": "6.58%"
            },
            {
                "Gene": "CDC73",
                "GeneMutation": "p.M1V Missensevariant(exon2)-GOF",
                "VariantAlleleFraction": "2.18%"
            },
            {
                "Gene": "PDGFRB",
                "GeneMutation": "p.T681I Frameshift-LOF",
                "VariantAlleleFraction": "3.56%"
            },
            {
                "Gene": "IDH1",
                "GeneMutation": "p.R132X Nonsense-LOF",
                "VariantAlleleFraction": "7.26%"
            },
            {
                "Gene": "JAK3",
                "GeneMutation": "p.L857P Nonsense-LOF",
                "VariantAlleleFraction": "2.48%"
            }
        ],
        "Germline": [
            {
                "Gene": "GNAS",
                "GeneMutation": "p.Q227R Spliceregionvariant-LOF",
                "Condition": "report"
            }
        ]
    }
}