{
    "low coverage regions": [
        "KLF4",
        "PIK3CA",
        "SMO"
    ],
    "genomic variants details": {
        "Somatic Variant Details - Potentially Actionable": [
            {
                "Gene": "SDHB",
                "GeneMutation": "p.S163P Nonsense-LOF",
                "description": "STK11 (LKB1) encodes an enzyme in the serine/threonine kinase family that is responsible for maintaining energy metabolism and cellular polarization through the activation of AMP-activated protein kinase and other members of the AMPK family. The enzyme also acts as a tumor suppressor by regulating cell growth. Loss of function mutations, copy number loss, epigenetic variation, and underexpression of STK11 are associated with cancer progression.",
                "VariantAlleleFraction": "7.0%"
            },
            {
                "Gene": "DICER1",
                "GeneMutation": "p.E1813K Nonsense-LOF",
                "description": "FAT1 encodes a transmembrane protein involved in tumor suppressor signaling. FAT1 protein can regulate transcriptional activity by sequestering beta-catenin, thereby preventing it from entering the nucleus. Loss of function mutations and copy number loss of FAT1 are associated with cancer progression.",
                "VariantAlleleFraction": "30.62%"
            }
        ],
        "Somatic Variant Details - Biologically Relevant": [
            {
                "Gene": "MUTYH",
                "GeneMutation": "p.Y1225X Spliceregionvariant-LOF",
                "description": "KRAS is a GDP/GTP binding protein that acts as an intracellular signal transducer. KRAS is involved in several pathways involved in cellular proliferation and survival, including the PI3K-AKT-mTOR pathway and the Ras-Raf-MEK-ERK pathway. Activating mutations, copy number gains, and overexpression of KRAS are associated with cancer progression.",
                "VariantAlleleFraction": "4.74%"
            },
            {
                "Gene": "IDH1",
                "GeneMutation": "p.E1813K Frameshift-LOF",
                "description": "FAT1 encodes a transmembrane protein involved in tumor suppressor signaling. FAT1 protein can regulate transcriptional activity by sequestering beta-catenin, thereby preventing it from entering the nucleus. Loss of function mutations and copy number loss of FAT1 are associated with cancer progression.",
                "VariantAlleleFraction": "21.76%"
            },
            {
                "Gene": "CHD6",
                "GeneMutation": "p.I1600M Stopgain-LOF",
                "description": "KRAS is a GDP/GTP binding protein that acts as an intracellular signal transducer. KRAS is involved in several pathways involved in cellular proliferation and survival, including the PI3K-AKT-mTOR pathway and the Ras-Raf-MEK-ERK pathway. Activating mutations, copy number gains, and overexpression of KRAS are associated with cancer progression.",
                "VariantAlleleFraction": "2.66%"
            }
        ]
    },
    "clinical history": {
        "Date": "2024-04-05"
    },
    "other": {
        "ReportId": "1616",
        "ReportDate": "2024-04-07",
        "SignedBy": "Linda Phillips",
        "Supervisor": "Dr. Jeremy Vazquez"
    }
}