{
    "low coverage regions": [
        "CHEK2",
        "PTPN11",
        "HDAC2"
    ],
    "genomic variants details": {
        "Somatic Variant Details - Potentially Actionable": [
            {
                "Gene": "BRCA1",
                "GeneMutation": "p.E23Vfs*17 Frameshift-LOF",
                "description": "BCL11B encodes a C2H2-type zinc finger protein that functions as a transcriptional repressor and plays a role in T-cell development and survival. Loss of function mutations, copy number loss, and fusions resulting in the underexpression of BCL11B are associated with cancer progression.",
                "VariantAlleleFraction": "15.0%"
            },
            {
                "Gene": "TOP2A",
                "GeneMutation": "p.A1515S Frameshift-LOF",
                "description": "BCL11B encodes a C2H2-type zinc finger protein that functions as a transcriptional repressor and plays a role in T-cell development and survival. Loss of function mutations, copy number loss, and fusions resulting in the underexpression of BCL11B are associated with cancer progression.",
                "VariantAlleleFraction": "7.18%"
            }
        ],
        "Somatic Variant Details - Biologically Relevant": [
            {
                "Gene": "ARID2",
                "GeneMutation": "p.A1515S Stopgain-LOF",
                "description": "ARID2 encodes a protein that is a subunit of the SWI/SNF chromatin remodeling complex SWI/SNF-B or PBAF. This complex functions in ligand-dependent transcriptional activation. Loss of function mutations and copy number loss of ARID2 are associated with cancer progression.",
                "VariantAlleleFraction": "10.79%"
            },
            {
                "Gene": "ALDH2",
                "GeneMutation": "p.A1515S Stopgain-LOF",
                "description": "RBM10 encodes a protein that contains a RNA-binding motif and interacts with RNA homopolymers, and is thought to function in regulating alternative splicing. Loss of function mutations and copy number loss of RBM10 are associated with cancer progression.",
                "VariantAlleleFraction": "21.97%"
            },
            {
                "Gene": "DDR2",
                "GeneMutation": "p.L239R Stopgain-LOF",
                "description": "ARID2 encodes a protein that is a subunit of the SWI/SNF chromatin remodeling complex SWI/SNF-B or PBAF. This complex functions in ligand-dependent transcriptional activation. Loss of function mutations and copy number loss of ARID2 are associated with cancer progression.",
                "VariantAlleleFraction": "10.49%"
            },
            {
                "Gene": "ERCC2",
                "GeneMutation": "p.E504K Stopgain-LOF",
                "description": "RBM10 encodes a protein that contains a RNA-binding motif and interacts with RNA homopolymers, and is thought to function in regulating alternative splicing. Loss of function mutations and copy number loss of RBM10 are associated with cancer progression.",
                "VariantAlleleFraction": "12.08%"
            },
            {
                "Gene": "PKLR",
                "GeneMutation": "p.F332V Spliceregionvariant-LOF",
                "description": "NFE2L2 acts as a transcription factor for proteins that contain an antioxidant response element (ARE) within their promoter sequence. Genes that contain ARE are involved in injury and inflammation response. Activating mutations and overexpression of NFE2L2 are associated with cancer progression.",
                "VariantAlleleFraction": "1.33%"
            }
        ]
    },
    "clinical history": {
        "Date": "2023-11-26"
    },
    "other": {
        "ReportId": "4726",
        "ReportDate": "2023-12-08",
        "SignedBy": "Rachel Wright",
        "Supervisor": "Dr. Catherine Melton"
    }
}