{
    "Additional Indicators": [
        {
            "description": "Unfavorable Prognosis",
            "therapy": "NCCN, Consensus, Non-Small Cell Lung Cancer",
            "mutation": "KRASp.G12C Gain-of-function"
        }
    ],
    "Clinical trials": [
        {
            "description": "A Study of VS-6766 v. VS-6766 + Defactinib in Recurrent G12V, Other KRAS and BRAF Non- Small Cell Lung Cancer ",
            "phase": "Phase 2",
            "mutations": [
                "KRAS"
            ]
        },
        {
            "description": "A Phase 1/2 Study of MRTX849 in Patients With Cancer Having a KRAS G12C Mutation KRYSTAL-1",
            "phase": "Phase 1/2",
            "mutations": [
                "KRAS",
                "STK11"
            ]
        },
        {
            "description": "First-in-human Study of DRP-104 (Sirpiglenastat) as Single Agent and in Combination With Atezolizumab in Patients With Advanced Solid Tumors. (NCT04471415)",
            "phase": "Phase 1/2",
            "mutations": [
                "NFE2L2",
                "STK11"
            ]
        }
    ],
    "variants of unknown significance": {
        "Somatic": [
            {
                "Gene": "EZH2",
                "GeneMutation": "p.Y646H Spliceregionvariant-LOF",
                "VariantAlleleFraction": "3.67%"
            },
            {
                "Gene": "MAPK1",
                "GeneMutation": "p.E322K Frameshift-LOF",
                "VariantAlleleFraction": "8.93%"
            },
            {
                "Gene": "SDHD",
                "GeneMutation": "p.G12S Frameshift-LOF",
                "VariantAlleleFraction": "10.67%"
            },
            {
                "Gene": "BTK",
                "GeneMutation": "p.C481X Nonsense-GOF",
                "VariantAlleleFraction": "7.56%"
            },
            {
                "Gene": "EZH2",
                "GeneMutation": "p.Y646C Nonsense-GOF",
                "VariantAlleleFraction": "6.35%"
            },
            {
                "Gene": "NTRK1",
                "GeneMutation": "p.G607V Nonsense-GOF",
                "VariantAlleleFraction": "4.79%"
            }
        ],
        "Germline": [
            {
                "Gene": "CTNNB1",
                "GeneMutation": "p.D32N Missensevariant(exon2)-GOF",
                "Condition": "care"
            }
        ]
    }
}