{
    "Additional Indicators": [
        {
            "description": "Unfavorable Prognosis",
            "therapy": "NCCN, Consensus, Non-Small Cell Lung Cancer",
            "mutation": "KRASp.G12C Gain-of-function"
        }
    ],
    "Clinical trials": [
        {
            "description": "A Study of VS-6766 v. VS-6766 + Defactinib in Recurrent G12V, Other KRAS and BRAF Non- Small Cell Lung Cancer ",
            "phase": "Phase 2",
            "mutations": [
                "KRAS"
            ]
        },
        {
            "description": "A Phase 1/2 Study of MRTX849 in Patients With Cancer Having a KRAS G12C Mutation KRYSTAL-1",
            "phase": "Phase 1/2",
            "mutations": [
                "KRAS",
                "STK11"
            ]
        },
        {
            "description": "First-in-human Study of DRP-104 (Sirpiglenastat) as Single Agent and in Combination With Atezolizumab in Patients With Advanced Solid Tumors. (NCT04471415)",
            "phase": "Phase 1/2",
            "mutations": [
                "NFE2L2",
                "STK11"
            ]
        }
    ],
    "variants of unknown significance": {
        "Somatic": [
            {
                "Gene": "PDGFRA",
                "GeneMutation": "p.K385L Frameshift-GOF",
                "VariantAlleleFraction": "20.33%"
            },
            {
                "Gene": "DPYD",
                "GeneMutation": "p.I560S Missensevariant(exon2)-GOF",
                "VariantAlleleFraction": "8.29%"
            },
            {
                "Gene": "ALK",
                "GeneMutation": "p.T1087I Nonsense-GOF",
                "VariantAlleleFraction": "12.7%"
            },
            {
                "Gene": "MTOR",
                "GeneMutation": "p.G1954R Spliceregionvariant-GOF",
                "VariantAlleleFraction": "9.9%"
            },
            {
                "Gene": "TP53",
                "GeneMutation": "p.R273S Spliceregionvariant-GOF",
                "VariantAlleleFraction": "8.58%"
            },
            {
                "Gene": "PTCH1",
                "GeneMutation": "p.T1195S Nonsense-GOF",
                "VariantAlleleFraction": "1.17%"
            },
            {
                "Gene": "AKT1",
                "GeneMutation": "p.E17K Frameshift-LOF",
                "VariantAlleleFraction": "5.53%"
            },
            {
                "Gene": "CCND3",
                "GeneMutation": "p.R256fs*64 Spliceregionvariant-GOF",
                "VariantAlleleFraction": "6.18%"
            },
            {
                "Gene": "JAK3",
                "GeneMutation": "p.L857P Frameshift-LOF",
                "VariantAlleleFraction": "4.71%"
            },
            {
                "Gene": "ABL1",
                "GeneMutation": "p.A34V Spliceregionvariant-GOF",
                "VariantAlleleFraction": "1.05%"
            },
            {
                "Gene": "CTNNB1",
                "GeneMutation": "p.D32Y Spliceregionvariant-LOF",
                "VariantAlleleFraction": "6.33%"
            },
            {
                "Gene": "NTRK1",
                "GeneMutation": "p.H598T Stopgain-LOF",
                "VariantAlleleFraction": "5.84%"
            }
        ],
        "Germline": []
    }
}