{
    "low coverage regions": [
        "NRAS",
        "JAK3"
    ],
    "genomic variants details": {
        "Somatic Variant Details - Potentially Actionable": [
            {
                "Gene": "MET",
                "GeneMutation": "p.I639L Frameshift-LOF",
                "description": "RBM10 encodes a protein that contains a RNA-binding motif and interacts with RNA homopolymers, and is thought to function in regulating alternative splicing. Loss of function mutations and copy number loss of RBM10 are associated with cancer progression.",
                "VariantAlleleFraction": "4.03%"
            },
            {
                "Gene": "MAP2K2",
                "GeneMutation": "p.P128L Stopgain-LOF",
                "description": "PTEN encodes a phosphatase that acts as a tumor suppressor by negatively regulating the PI3K-AKT-mTOR pathway. Loss of function mutations, copy number loss, and underexpression of PTEN are associated with cancer progression.",
                "VariantAlleleFraction": "13.41%"
            },
            {
                "Gene": "PAX5",
                "GeneMutation": "p.A322T Frameshift-LOF",
                "description": "NFE2L2 acts as a transcription factor for proteins that contain an antioxidant response element (ARE) within their promoter sequence. Genes that contain ARE are involved in injury and inflammation response. Activating mutations and overexpression of NFE2L2 are associated with cancer progression.",
                "VariantAlleleFraction": "8.64%"
            },
            {
                "Gene": "SDHB",
                "GeneMutation": "p.S163P Nonsense-GOF",
                "description": "RBM10 encodes a protein that contains a RNA-binding motif and interacts with RNA homopolymers, and is thought to function in regulating alternative splicing. Loss of function mutations and copy number loss of RBM10 are associated with cancer progression.",
                "VariantAlleleFraction": "20.88%"
            }
        ],
        "Somatic Variant Details - Biologically Relevant": [
            {
                "Gene": "SIX1",
                "GeneMutation": "p.S163P Nonsense-LOF",
                "description": "RBM10 encodes a protein that contains a RNA-binding motif and interacts with RNA homopolymers, and is thought to function in regulating alternative splicing. Loss of function mutations and copy number loss of RBM10 are associated with cancer progression.",
                "VariantAlleleFraction": "6.19%"
            },
            {
                "Gene": "SDHA",
                "GeneMutation": "p.S163P Missensevariant(exon2)-GOF",
                "description": "STK11 (LKB1) encodes an enzyme in the serine/threonine kinase family that is responsible for maintaining energy metabolism and cellular polarization through the activation of AMP-activated protein kinase and other members of the AMPK family. The enzyme also acts as a tumor suppressor by regulating cell growth. Loss of function mutations, copy number loss, epigenetic variation, and underexpression of STK11 are associated with cancer progression.",
                "VariantAlleleFraction": "11.74%"
            }
        ]
    },
    "clinical history": {
        "Date": "2024-03-28"
    },
    "other": {
        "ReportId": "4835",
        "ReportDate": "2024-03-31",
        "SignedBy": "Elizabeth Wolfe",
        "Supervisor": "Dr. Daniel Turner"
    }
}