{
    "low coverage regions": [
        "KIT",
        "MTOR"
    ],
    "genomic variants details": {
        "Somatic Variant Details - Potentially Actionable": [
            {
                "Gene": "PKLR",
                "GeneMutation": "p.R479H Nonsense-GOF",
                "description": "TP53 encodes a protein that is a transcription factor that regulates the expression of genes involved in cell cycle arrest, apoptosis, and DNA repair. TP53 is a tumor suppressor gene that is mutated in many cancers. Mutations in TP53 are associated with cancer progression.",
                "VariantAlleleFraction": "34.47%"
            }
        ],
        "Somatic Variant Details - Biologically Relevant": [
            {
                "Gene": "PDGFRB",
                "GeneMutation": "p.T681I Frameshift-LOF",
                "description": "STK11 (LKB1) encodes an enzyme in the serine/threonine kinase family that is responsible for maintaining energy metabolism and cellular polarization through the activation of AMP-activated protein kinase and other members of the AMPK family. The enzyme also acts as a tumor suppressor by regulating cell growth. Loss of function mutations, copy number loss, epigenetic variation, and underexpression of STK11 are associated with cancer progression.",
                "VariantAlleleFraction": "24.67%"
            },
            {
                "Gene": "BTK",
                "GeneMutation": "p.T681I Nonsense-GOF",
                "description": "FAT1 encodes a transmembrane protein involved in tumor suppressor signaling. FAT1 protein can regulate transcriptional activity by sequestering beta-catenin, thereby preventing it from entering the nucleus. Loss of function mutations and copy number loss of FAT1 are associated with cancer progression.",
                "VariantAlleleFraction": "11.33%"
            },
            {
                "Gene": "PRKCA",
                "GeneMutation": "p.R479H Stopgain-LOF",
                "description": "RBM10 encodes a protein that contains a RNA-binding motif and interacts with RNA homopolymers, and is thought to function in regulating alternative splicing. Loss of function mutations and copy number loss of RBM10 are associated with cancer progression.",
                "VariantAlleleFraction": "17.88%"
            }
        ]
    },
    "clinical history": {
        "Date": "2023-07-09"
    },
    "other": {
        "ReportId": "3060",
        "ReportDate": "2023-07-17",
        "SignedBy": "Anthony Reed",
        "Supervisor": "Dr. Katherine Johnson"
    }
}