{
    "Additional Indicators": [
        {
            "description": "Unfavorable Prognosis",
            "therapy": "NCCN, Consensus, Non-Small Cell Lung Cancer",
            "mutation": "KRASp.G12C Gain-of-function"
        }
    ],
    "Clinical trials": [
        {
            "description": "A Study of VS-6766 v. VS-6766 + Defactinib in Recurrent G12V, Other KRAS and BRAF Non- Small Cell Lung Cancer ",
            "phase": "Phase 2",
            "mutations": [
                "KRAS"
            ]
        },
        {
            "description": "A Phase 1/2 Study of MRTX849 in Patients With Cancer Having a KRAS G12C Mutation KRYSTAL-1",
            "phase": "Phase 1/2",
            "mutations": [
                "KRAS",
                "STK11"
            ]
        },
        {
            "description": "First-in-human Study of DRP-104 (Sirpiglenastat) as Single Agent and in Combination With Atezolizumab in Patients With Advanced Solid Tumors. (NCT04471415)",
            "phase": "Phase 1/2",
            "mutations": [
                "NFE2L2",
                "STK11"
            ]
        }
    ],
    "variants of unknown significance": {
        "Somatic": [
            {
                "Gene": "MAP2K2",
                "GeneMutation": "p.P128L Nonsense-GOF",
                "VariantAlleleFraction": "21.12%"
            },
            {
                "Gene": "MAP2K2",
                "GeneMutation": "p.P128L Spliceregionvariant-GOF",
                "VariantAlleleFraction": "10.92%"
            },
            {
                "Gene": "NTRK1",
                "GeneMutation": "p.G607V Stopgain-LOF",
                "VariantAlleleFraction": "14.75%"
            },
            {
                "Gene": "CDKN2A",
                "GeneMutation": "p.R80X Nonsense-GOF",
                "VariantAlleleFraction": "6.98%"
            },
            {
                "Gene": "PTPN11",
                "GeneMutation": "p.G503A Frameshift-LOF",
                "VariantAlleleFraction": "9.14%"
            },
            {
                "Gene": "SDHA",
                "GeneMutation": "p.R554W Frameshift-GOF",
                "VariantAlleleFraction": "5.11%"
            },
            {
                "Gene": "PHF6",
                "GeneMutation": "p.R225X Missensevariant(exon2)-GOF",
                "VariantAlleleFraction": "4.69%"
            },
            {
                "Gene": "SIX1",
                "GeneMutation": "p.Q177R Frameshift-GOF",
                "VariantAlleleFraction": "8.84%"
            },
            {
                "Gene": "PTCH1",
                "GeneMutation": "p.T1195S Stopgain-LOF",
                "VariantAlleleFraction": "5.77%"
            }
        ],
        "Germline": []
    }
}