{
    "Additional Indicators": [
        {
            "description": "Unfavorable Prognosis",
            "therapy": "NCCN, Consensus, Non-Small Cell Lung Cancer",
            "mutation": "KRASp.G12C Gain-of-function"
        }
    ],
    "Clinical trials": [
        {
            "description": "A Study of VS-6766 v. VS-6766 + Defactinib in Recurrent G12V, Other KRAS and BRAF Non- Small Cell Lung Cancer ",
            "phase": "Phase 2",
            "mutations": [
                "KRAS"
            ]
        },
        {
            "description": "A Phase 1/2 Study of MRTX849 in Patients With Cancer Having a KRAS G12C Mutation KRYSTAL-1",
            "phase": "Phase 1/2",
            "mutations": [
                "KRAS",
                "STK11"
            ]
        },
        {
            "description": "First-in-human Study of DRP-104 (Sirpiglenastat) as Single Agent and in Combination With Atezolizumab in Patients With Advanced Solid Tumors. (NCT04471415)",
            "phase": "Phase 1/2",
            "mutations": [
                "NFE2L2",
                "STK11"
            ]
        }
    ],
    "variants of unknown significance": {
        "Somatic": [
            {
                "Gene": "IKZF1",
                "GeneMutation": "p.N159Y Frameshift-GOF",
                "VariantAlleleFraction": "6.53%"
            },
            {
                "Gene": "JAK2",
                "GeneMutation": "p.G996R Stopgain-LOF",
                "VariantAlleleFraction": "9.92%"
            },
            {
                "Gene": "FGFR4",
                "GeneMutation": "p.G388R Nonsense-GOF",
                "VariantAlleleFraction": "11.06%"
            },
            {
                "Gene": "PHF6",
                "GeneMutation": "p.R225X Frameshift-GOF",
                "VariantAlleleFraction": "3.28%"
            },
            {
                "Gene": "CCND3",
                "GeneMutation": "p.R256fs*64 Frameshift-LOF",
                "VariantAlleleFraction": "3.82%"
            },
            {
                "Gene": "PTEN",
                "GeneMutation": "p.R130P Missensevariant(exon2)-GOF",
                "VariantAlleleFraction": "7.65%"
            },
            {
                "Gene": "PIK3CA",
                "GeneMutation": "p.E545V Frameshift-GOF",
                "VariantAlleleFraction": "3.3%"
            },
            {
                "Gene": "FOXL2",
                "GeneMutation": "p.C134W Frameshift-GOF",
                "VariantAlleleFraction": "4.96%"
            },
            {
                "Gene": "PIK3CA",
                "GeneMutation": "p.E545K Spliceregionvariant-LOF",
                "VariantAlleleFraction": "8.81%"
            }
        ],
        "Germline": []
    }
}