{
    "low coverage regions": [
        "CDKN2A"
    ],
    "genomic variants details": {
        "Somatic Variant Details - Potentially Actionable": [
            {
                "Gene": "ARID2",
                "GeneMutation": " p.W266* Spliceregionvariant-LOF",
                "description": "ARID2 encodes a protein that is a subunit of the SWI/SNF chromatin remodeling complex SWI/SNF-B or PBAF. This complex functions in ligand-dependent transcriptional activation. Loss of function mutations and copy number loss of ARID2 are associated with cancer progression.",
                "VariantAlleleFraction": "33.12%"
            },
            {
                "Gene": "CALR",
                "GeneMutation": "p.K385fs*47 Missensevariant(exon2)-GOF",
                "description": "PTEN encodes a phosphatase that acts as a tumor suppressor by negatively regulating the PI3K-AKT-mTOR pathway. Loss of function mutations, copy number loss, and underexpression of PTEN are associated with cancer progression.",
                "VariantAlleleFraction": "34.25%"
            }
        ],
        "Somatic Variant Details - Biologically Relevant": [
            {
                "Gene": "NOTCH1",
                "GeneMutation": "p.S2467Afs*15 Nonsense-GOF",
                "description": "NFE2L2 acts as a transcription factor for proteins that contain an antioxidant response element (ARE) within their promoter sequence. Genes that contain ARE are involved in injury and inflammation response. Activating mutations and overexpression of NFE2L2 are associated with cancer progression.",
                "VariantAlleleFraction": "9.15%"
            },
            {
                "Gene": "MYO1G",
                "GeneMutation": "p.G1196D Frameshift-LOF",
                "description": "TP53 encodes a protein that is a transcription factor that regulates the expression of genes involved in cell cycle arrest, apoptosis, and DNA repair. TP53 is a tumor suppressor gene that is mutated in many cancers. Mutations in TP53 are associated with cancer progression.",
                "VariantAlleleFraction": "1.3%"
            },
            {
                "Gene": "PTEN",
                "GeneMutation": "p.G1196D Nonsense-GOF",
                "description": "PTEN encodes a phosphatase that acts as a tumor suppressor by negatively regulating the PI3K-AKT-mTOR pathway. Loss of function mutations, copy number loss, and underexpression of PTEN are associated with cancer progression.",
                "VariantAlleleFraction": "2.36%"
            },
            {
                "Gene": "HBA2",
                "GeneMutation": "p.S2467Gfs*11 Frameshift-LOF",
                "description": "ARID2 encodes a protein that is a subunit of the SWI/SNF chromatin remodeling complex SWI/SNF-B or PBAF. This complex functions in ligand-dependent transcriptional activation. Loss of function mutations and copy number loss of ARID2 are associated with cancer progression.",
                "VariantAlleleFraction": "4.49%"
            }
        ]
    },
    "clinical history": {
        "Date": "2023-05-06"
    },
    "other": {
        "ReportId": "7434",
        "ReportDate": "2023-05-13",
        "SignedBy": "Jennifer Knight",
        "Supervisor": "Dr. Erin Davidson"
    }
}