{
    "low coverage regions": [
        "BRCA1"
    ],
    "genomic variants details": {
        "Somatic Variant Details - Potentially Actionable": [
            {
                "Gene": "BLM",
                "GeneMutation": "p.Y736fs*4 Frameshift-GOF",
                "description": "BCL11B encodes a C2H2-type zinc finger protein that functions as a transcriptional repressor and plays a role in T-cell development and survival. Loss of function mutations, copy number loss, and fusions resulting in the underexpression of BCL11B are associated with cancer progression.",
                "VariantAlleleFraction": "29.51%"
            },
            {
                "Gene": "PDGFRB",
                "GeneMutation": "p.T681I Spliceregionvariant-LOF",
                "description": "PTEN encodes a phosphatase that acts as a tumor suppressor by negatively regulating the PI3K-AKT-mTOR pathway. Loss of function mutations, copy number loss, and underexpression of PTEN are associated with cancer progression.",
                "VariantAlleleFraction": "7.47%"
            },
            {
                "Gene": "CHD6",
                "GeneMutation": "p.I1600M Spliceregionvariant-LOF",
                "description": "TP53 encodes a protein that is a transcription factor that regulates the expression of genes involved in cell cycle arrest, apoptosis, and DNA repair. TP53 is a tumor suppressor gene that is mutated in many cancers. Mutations in TP53 are associated with cancer progression.",
                "VariantAlleleFraction": "11.65%"
            }
        ],
        "Somatic Variant Details - Biologically Relevant": [
            {
                "Gene": "ARID2",
                "GeneMutation": "p.I1600M Nonsense-LOF",
                "description": "ARID2 encodes a protein that is a subunit of the SWI/SNF chromatin remodeling complex SWI/SNF-B or PBAF. This complex functions in ligand-dependent transcriptional activation. Loss of function mutations and copy number loss of ARID2 are associated with cancer progression.",
                "VariantAlleleFraction": "15.67%"
            }
        ]
    },
    "clinical history": {
        "Date": "2023-11-26"
    },
    "other": {
        "ReportId": "4989",
        "ReportDate": "2023-12-06",
        "SignedBy": "Patricia Burgess MD",
        "Supervisor": "Dr. Megan Frey"
    }
}