{
    "low coverage regions": [
        "BRCA2",
        "IDH2",
        "CTNNB1"
    ],
    "genomic variants details": {
        "Somatic Variant Details - Potentially Actionable": [
            {
                "Gene": "SIX1",
                "GeneMutation": "p.Q177R Frameshift-LOF",
                "description": "BCL11B encodes a C2H2-type zinc finger protein that functions as a transcriptional repressor and plays a role in T-cell development and survival. Loss of function mutations, copy number loss, and fusions resulting in the underexpression of BCL11B are associated with cancer progression.",
                "VariantAlleleFraction": "18.49%"
            },
            {
                "Gene": "FGFR2",
                "GeneMutation": "p.N549H Spliceregionvariant-GOF",
                "description": "RBM10 encodes a protein that contains a RNA-binding motif and interacts with RNA homopolymers, and is thought to function in regulating alternative splicing. Loss of function mutations and copy number loss of RBM10 are associated with cancer progression.",
                "VariantAlleleFraction": "27.38%"
            },
            {
                "Gene": "PIK3CA",
                "GeneMutation": "p.E542G Frameshift-LOF",
                "description": "NFE2L2 acts as a transcription factor for proteins that contain an antioxidant response element (ARE) within their promoter sequence. Genes that contain ARE are involved in injury and inflammation response. Activating mutations and overexpression of NFE2L2 are associated with cancer progression.",
                "VariantAlleleFraction": "28.72%"
            },
            {
                "Gene": "STAG2",
                "GeneMutation": "p.R1012X Frameshift-LOF",
                "description": "FAT1 encodes a transmembrane protein involved in tumor suppressor signaling. FAT1 protein can regulate transcriptional activity by sequestering beta-catenin, thereby preventing it from entering the nucleus. Loss of function mutations and copy number loss of FAT1 are associated with cancer progression.",
                "VariantAlleleFraction": "8.99%"
            }
        ],
        "Somatic Variant Details - Biologically Relevant": [
            {
                "Gene": "FGFR3",
                "GeneMutation": "p.Y373C Nonsense-GOF",
                "description": "PTEN encodes a phosphatase that acts as a tumor suppressor by negatively regulating the PI3K-AKT-mTOR pathway. Loss of function mutations, copy number loss, and underexpression of PTEN are associated with cancer progression.",
                "VariantAlleleFraction": "16.9%"
            },
            {
                "Gene": "DDR2",
                "GeneMutation": "p.G370C Spliceregionvariant-LOF",
                "description": "ARID2 encodes a protein that is a subunit of the SWI/SNF chromatin remodeling complex SWI/SNF-B or PBAF. This complex functions in ligand-dependent transcriptional activation. Loss of function mutations and copy number loss of ARID2 are associated with cancer progression.",
                "VariantAlleleFraction": "9.37%"
            }
        ]
    },
    "clinical history": {
        "Date": "2024-02-21"
    },
    "other": {
        "ReportId": "2254",
        "ReportDate": "2024-02-24",
        "SignedBy": "Mr. Phillip Dillon II",
        "Supervisor": "Dr. Kimberly Humphrey"
    }
}