{
    "low coverage regions": [
        "CCND3"
    ],
    "genomic variants details": {
        "Somatic Variant Details - Potentially Actionable": [
            {
                "Gene": "CCND3",
                "GeneMutation": "p.R256fs*64 Spliceregionvariant-GOF",
                "description": "TP53 encodes a protein that is a transcription factor that regulates the expression of genes involved in cell cycle arrest, apoptosis, and DNA repair. TP53 is a tumor suppressor gene that is mutated in many cancers. Mutations in TP53 are associated with cancer progression.",
                "VariantAlleleFraction": "30.5%"
            },
            {
                "Gene": "XPC",
                "GeneMutation": "p.S346P Frameshift-LOF",
                "description": "PTEN encodes a phosphatase that acts as a tumor suppressor by negatively regulating the PI3K-AKT-mTOR pathway. Loss of function mutations, copy number loss, and underexpression of PTEN are associated with cancer progression.",
                "VariantAlleleFraction": "32.25%"
            },
            {
                "Gene": "TEK",
                "GeneMutation": "p.N452D Nonsense-LOF",
                "description": "KRAS is a GDP/GTP binding protein that acts as an intracellular signal transducer. KRAS is involved in several pathways involved in cellular proliferation and survival, including the PI3K-AKT-mTOR pathway and the Ras-Raf-MEK-ERK pathway. Activating mutations, copy number gains, and overexpression of KRAS are associated with cancer progression.",
                "VariantAlleleFraction": "13.57%"
            }
        ],
        "Somatic Variant Details - Biologically Relevant": [
            {
                "Gene": "JAK3",
                "GeneMutation": "p.N452D Nonsense-GOF",
                "description": "ARID2 encodes a protein that is a subunit of the SWI/SNF chromatin remodeling complex SWI/SNF-B or PBAF. This complex functions in ligand-dependent transcriptional activation. Loss of function mutations and copy number loss of ARID2 are associated with cancer progression.",
                "VariantAlleleFraction": "9.82%"
            },
            {
                "Gene": "ZEB2",
                "GeneMutation": "p.L857P Frameshift-LOF",
                "description": "PTEN encodes a phosphatase that acts as a tumor suppressor by negatively regulating the PI3K-AKT-mTOR pathway. Loss of function mutations, copy number loss, and underexpression of PTEN are associated with cancer progression.",
                "VariantAlleleFraction": "5.12%"
            },
            {
                "Gene": "STAG2",
                "GeneMutation": "p.N452D Nonsense-GOF",
                "description": "NFE2L2 acts as a transcription factor for proteins that contain an antioxidant response element (ARE) within their promoter sequence. Genes that contain ARE are involved in injury and inflammation response. Activating mutations and overexpression of NFE2L2 are associated with cancer progression.",
                "VariantAlleleFraction": "12.0%"
            }
        ]
    },
    "clinical history": {
        "Date": "2024-02-17"
    },
    "other": {
        "ReportId": "5628",
        "ReportDate": "2024-02-26",
        "SignedBy": "Timothy Lee",
        "Supervisor": "Dr. Paula Wilson"
    }
}