{
    "low coverage regions": [
        "SRSF2",
        "SDHD",
        "ZEB2"
    ],
    "genomic variants details": {
        "Somatic Variant Details - Potentially Actionable": [
            {
                "Gene": "PKLR",
                "GeneMutation": "p.R479H Spliceregionvariant-GOF",
                "description": "STK11 (LKB1) encodes an enzyme in the serine/threonine kinase family that is responsible for maintaining energy metabolism and cellular polarization through the activation of AMP-activated protein kinase and other members of the AMPK family. The enzyme also acts as a tumor suppressor by regulating cell growth. Loss of function mutations, copy number loss, epigenetic variation, and underexpression of STK11 are associated with cancer progression.",
                "VariantAlleleFraction": "14.93%"
            },
            {
                "Gene": "XPC",
                "GeneMutation": "p.S346P Nonsense-LOF",
                "description": "BCL11B encodes a C2H2-type zinc finger protein that functions as a transcriptional repressor and plays a role in T-cell development and survival. Loss of function mutations, copy number loss, and fusions resulting in the underexpression of BCL11B are associated with cancer progression.",
                "VariantAlleleFraction": "29.57%"
            },
            {
                "Gene": "SDHB",
                "GeneMutation": "p.S163P Frameshift-GOF",
                "description": "BCL11B encodes a C2H2-type zinc finger protein that functions as a transcriptional repressor and plays a role in T-cell development and survival. Loss of function mutations, copy number loss, and fusions resulting in the underexpression of BCL11B are associated with cancer progression.",
                "VariantAlleleFraction": "27.84%"
            },
            {
                "Gene": "CD74",
                "GeneMutation": "p.P98S Nonsense-LOF",
                "description": "FAT1 encodes a transmembrane protein involved in tumor suppressor signaling. FAT1 protein can regulate transcriptional activity by sequestering beta-catenin, thereby preventing it from entering the nucleus. Loss of function mutations and copy number loss of FAT1 are associated with cancer progression.",
                "VariantAlleleFraction": "2.72%"
            }
        ],
        "Somatic Variant Details - Biologically Relevant": [
            {
                "Gene": "PAX5",
                "GeneMutation": "p.G183S Spliceregionvariant-LOF",
                "description": "NFE2L2 acts as a transcription factor for proteins that contain an antioxidant response element (ARE) within their promoter sequence. Genes that contain ARE are involved in injury and inflammation response. Activating mutations and overexpression of NFE2L2 are associated with cancer progression.",
                "VariantAlleleFraction": "17.08%"
            }
        ]
    },
    "clinical history": {
        "Date": "2023-11-10"
    },
    "other": {
        "ReportId": "8954",
        "ReportDate": "2023-11-15",
        "SignedBy": "James Miller",
        "Supervisor": "Dr. Melissa Powers"
    }
}