{
    "patient": {
        "Name": "Omar Hanson",
        "DateOfBirth": "1996-10-02",
        "Sex": "Female",
        "Diagnosis": "Adenocarcinoma",
        "BodyPart": "Pancreatic",
        "Physician": "Dr. Derek Cooley",
        "TreatingInstitution": "Thomas and Sons"
    },
    "specimen": {
        "Tumor specimen": {
            "source": "Pancreatic",
            "CollectedDate": "2024-01-26",
            "ReceivedDate": "2024-01-26",
            "TumorPercentage": "56%"
        },
        "Normal specimen": {
            "source": "Blood",
            "CollectedDate": "2024-01-29",
            "ReceivedDate": "2024-01-31"
        }
    },
    "genomic variants": {
        "Somatic - Potentially Actionable": [
            {
                "Gene": "ALDH2",
                "GeneMutation": "p.E504K Missensevariant(exon2)-GOF",
                "VariantAlleleFraction": "5.46%"
            },
            {
                "Gene": "STAG2",
                "GeneMutation": "p.R1012X Nonsense-LOF",
                "VariantAlleleFraction": "33.74%"
            },
            {
                "Gene": "AKT1",
                "GeneMutation": "p.E17K Missensevariant(exon2)-GOF",
                "VariantAlleleFraction": "22.36%"
            }
        ],
        "Somatic - Biologically Relevant": [
            {
                "Gene": "ARID2",
                "GeneMutation": " p.W266* Nonsense-GOF",
                "VariantAlleleFraction": "23.86%"
            }
        ],
        "Germline - Pathogenic": [],
        "Pertinent Negatives": [
            "FGFR2",
            "NCSTN",
            "ERCC2",
            "IKZF1"
        ]
    },
    "immunotherapy markers": [
        {
            "marker_name": "Tumor Mutational Burden",
            "TmbValue": "23 m/Mb",
            "Tmbpercentile": "63%",
            "Status type": "Microsatellite Instability Status",
            "statusvalue": "Stable"
        }
    ],
    "FDA-Approved Therapies": {
        "Current Diagnosis": [
            {
                "Mechanism": "KRAS G12C Inhibitors",
                "Medication": "Sotorasib",
                "Recommendations": [
                    "NCCN, Consensus, Non-Small Cell Lung Cancer",
                    "MSK OncoKB, Level 1"
                ],
                "Relevant Mutation": "KRASp.G12C G12C-GOF"
            }
        ],
        "Other Indications": [
            {
                "Mechanism": "KRAS G12C Inhibitors",
                "Medication": "Sotorasib",
                "Recommendations": [
                    "NCCN, Consensus, Non-Small Cell Lung Cancer",
                    "MSK OncoKB, Level 1"
                ],
                "Relevant Mutation": "KRASp.G12C G12C-GOF"
            }
        ]
    }
}