{
    "patient": {
        "Name": "Cheryl Schneider",
        "DateOfBirth": "1971-04-14",
        "Sex": "Female",
        "Diagnosis": "Squamous cell carcinoma",
        "BodyPart": "Skin",
        "Physician": "Dr. Mr. Phillip Dillon II",
        "TreatingInstitution": "Escobar-Franklin"
    },
    "specimen": {
        "Tumor specimen": {
            "source": "Skin",
            "CollectedDate": "2024-02-22",
            "ReceivedDate": "2024-02-22",
            "TumorPercentage": "15%"
        },
        "Normal specimen": {
            "source": "Blood",
            "CollectedDate": "2024-02-23",
            "ReceivedDate": "2024-02-25"
        }
    },
    "genomic variants": {
        "Somatic - Potentially Actionable": [
            {
                "Gene": "SIX1",
                "GeneMutation": "p.Q177R Frameshift-LOF",
                "VariantAlleleFraction": "18.49%"
            },
            {
                "Gene": "FGFR2",
                "GeneMutation": "p.N549H Spliceregionvariant-GOF",
                "VariantAlleleFraction": "27.38%"
            },
            {
                "Gene": "PIK3CA",
                "GeneMutation": "p.E542G Frameshift-LOF",
                "VariantAlleleFraction": "28.72%"
            },
            {
                "Gene": "STAG2",
                "GeneMutation": "p.R1012X Frameshift-LOF",
                "VariantAlleleFraction": "8.99%"
            }
        ],
        "Somatic - Biologically Relevant": [
            {
                "Gene": "FGFR3",
                "GeneMutation": "p.Y373C Nonsense-GOF",
                "VariantAlleleFraction": "16.9%"
            },
            {
                "Gene": "DDR2",
                "GeneMutation": "p.G370C Spliceregionvariant-LOF",
                "VariantAlleleFraction": "9.37%"
            }
        ],
        "Germline - Pathogenic": [],
        "Pertinent Negatives": [
            "PAX5",
            "ZEB2",
            "BRCA2",
            "MAPK1"
        ]
    },
    "immunotherapy markers": [
        {
            "marker_name": "Tumor Mutational Burden",
            "TmbValue": "6 m/Mb",
            "Tmbpercentile": "58%",
            "Status type": "Microsatellite Instability Status",
            "statusvalue": "Stable"
        }
    ],
    "FDA-Approved Therapies": {
        "Current Diagnosis": [
            {
                "Mechanism": "KRAS G12C Inhibitors",
                "Medication": "Sotorasib",
                "Recommendations": [
                    "NCCN, Consensus, Non-Small Cell Lung Cancer",
                    "MSK OncoKB, Level 1"
                ],
                "Relevant Mutation": "KRASp.G12C G12C-GOF"
            }
        ],
        "Other Indications": [
            {
                "Mechanism": "KRAS G12C Inhibitors",
                "Medication": "Sotorasib",
                "Recommendations": [
                    "NCCN, Consensus, Non-Small Cell Lung Cancer",
                    "MSK OncoKB, Level 1"
                ],
                "Relevant Mutation": "KRASp.G12C G12C-GOF"
            }
        ]
    }
}