{
    "low coverage regions": [
        "CDKN2A"
    ],
    "genomic variants details": {
        "Somatic Variant Details - Potentially Actionable": [
            {
                "Gene": "MPL",
                "GeneMutation": "p.W515L Stopgain-LOF",
                "description": "TP53 encodes a protein that is a transcription factor that regulates the expression of genes involved in cell cycle arrest, apoptosis, and DNA repair. TP53 is a tumor suppressor gene that is mutated in many cancers. Mutations in TP53 are associated with cancer progression.",
                "VariantAlleleFraction": "10.36%"
            },
            {
                "Gene": "TP53",
                "GeneMutation": "p.K132N Spliceregionvariant-LOF",
                "description": "TP53 encodes a protein that is a transcription factor that regulates the expression of genes involved in cell cycle arrest, apoptosis, and DNA repair. TP53 is a tumor suppressor gene that is mutated in many cancers. Mutations in TP53 are associated with cancer progression.",
                "VariantAlleleFraction": "7.97%"
            },
            {
                "Gene": "ABL1",
                "GeneMutation": "p.A34V Spliceregionvariant-GOF",
                "description": "PTEN encodes a phosphatase that acts as a tumor suppressor by negatively regulating the PI3K-AKT-mTOR pathway. Loss of function mutations, copy number loss, and underexpression of PTEN are associated with cancer progression.",
                "VariantAlleleFraction": "27.51%"
            },
            {
                "Gene": "BRCA2",
                "GeneMutation": "p.S1982Rfs*22 Missensevariant(exon2)-GOF",
                "description": "TP53 encodes a protein that is a transcription factor that regulates the expression of genes involved in cell cycle arrest, apoptosis, and DNA repair. TP53 is a tumor suppressor gene that is mutated in many cancers. Mutations in TP53 are associated with cancer progression.",
                "VariantAlleleFraction": "1.82%"
            }
        ],
        "Somatic Variant Details - Biologically Relevant": [
            {
                "Gene": "MSH2",
                "GeneMutation": "p.S1982Rfs*22 Spliceregionvariant-LOF",
                "description": "KRAS is a GDP/GTP binding protein that acts as an intracellular signal transducer. KRAS is involved in several pathways involved in cellular proliferation and survival, including the PI3K-AKT-mTOR pathway and the Ras-Raf-MEK-ERK pathway. Activating mutations, copy number gains, and overexpression of KRAS are associated with cancer progression.",
                "VariantAlleleFraction": "17.94%"
            },
            {
                "Gene": "BLM",
                "GeneMutation": "p.S1982Rfs*22 Spliceregionvariant-LOF",
                "description": "KRAS is a GDP/GTP binding protein that acts as an intracellular signal transducer. KRAS is involved in several pathways involved in cellular proliferation and survival, including the PI3K-AKT-mTOR pathway and the Ras-Raf-MEK-ERK pathway. Activating mutations, copy number gains, and overexpression of KRAS are associated with cancer progression.",
                "VariantAlleleFraction": "5.16%"
            }
        ]
    },
    "clinical history": {
        "Date": "2023-07-15"
    },
    "other": {
        "ReportId": "8371",
        "ReportDate": "2023-07-25",
        "SignedBy": "Laura Ballard",
        "Supervisor": "Dr. Anne Gibson"
    }
}