{
    "Additional Indicators": [
        {
            "description": "Unfavorable Prognosis",
            "therapy": "NCCN, Consensus, Non-Small Cell Lung Cancer",
            "mutation": "KRASp.G12C Gain-of-function"
        }
    ],
    "Clinical trials": [
        {
            "description": "A Study of VS-6766 v. VS-6766 + Defactinib in Recurrent G12V, Other KRAS and BRAF Non- Small Cell Lung Cancer ",
            "phase": "Phase 2",
            "mutations": [
                "KRAS"
            ]
        },
        {
            "description": "A Phase 1/2 Study of MRTX849 in Patients With Cancer Having a KRAS G12C Mutation KRYSTAL-1",
            "phase": "Phase 1/2",
            "mutations": [
                "KRAS",
                "STK11"
            ]
        },
        {
            "description": "First-in-human Study of DRP-104 (Sirpiglenastat) as Single Agent and in Combination With Atezolizumab in Patients With Advanced Solid Tumors. (NCT04471415)",
            "phase": "Phase 1/2",
            "mutations": [
                "NFE2L2",
                "STK11"
            ]
        }
    ],
    "variants of unknown significance": {
        "Somatic": [
            {
                "Gene": "EGFR",
                "GeneMutation": "p.L792Y Frameshift-LOF",
                "VariantAlleleFraction": "13.59%"
            },
            {
                "Gene": "NTRK1",
                "GeneMutation": "p.G607V Spliceregionvariant-LOF",
                "VariantAlleleFraction": "3.11%"
            },
            {
                "Gene": "HDAC2",
                "GeneMutation": "p.E455fs*7 Nonsense-GOF",
                "VariantAlleleFraction": "3.47%"
            },
            {
                "Gene": "SDHD",
                "GeneMutation": "p.G12S Frameshift-LOF",
                "VariantAlleleFraction": "6.79%"
            },
            {
                "Gene": "HSP90B1",
                "GeneMutation": "p.I66T Missensevariant(exon2)-GOF",
                "VariantAlleleFraction": "2.95%"
            },
            {
                "Gene": "ALDH2",
                "GeneMutation": "p.E504K Frameshift-LOF",
                "VariantAlleleFraction": "4.9%"
            },
            {
                "Gene": "SDHD",
                "GeneMutation": "p.G12S Nonsense-GOF",
                "VariantAlleleFraction": "3.93%"
            },
            {
                "Gene": "FGFR4",
                "GeneMutation": "p.G388R Missensevariant(exon2)-GOF",
                "VariantAlleleFraction": "7.38%"
            },
            {
                "Gene": "SDHD",
                "GeneMutation": "p.G12S Spliceregionvariant-GOF",
                "VariantAlleleFraction": "9.19%"
            }
        ],
        "Germline": []
    }
}