{
    "low coverage regions": [
        "ARID2"
    ],
    "genomic variants details": {
        "Somatic Variant Details - Potentially Actionable": [
            {
                "Gene": "ALDH2",
                "GeneMutation": "p.E504K Missensevariant(exon2)-GOF",
                "description": "KRAS is a GDP/GTP binding protein that acts as an intracellular signal transducer. KRAS is involved in several pathways involved in cellular proliferation and survival, including the PI3K-AKT-mTOR pathway and the Ras-Raf-MEK-ERK pathway. Activating mutations, copy number gains, and overexpression of KRAS are associated with cancer progression.",
                "VariantAlleleFraction": "5.46%"
            },
            {
                "Gene": "STAG2",
                "GeneMutation": "p.R1012X Nonsense-LOF",
                "description": "ARID2 encodes a protein that is a subunit of the SWI/SNF chromatin remodeling complex SWI/SNF-B or PBAF. This complex functions in ligand-dependent transcriptional activation. Loss of function mutations and copy number loss of ARID2 are associated with cancer progression.",
                "VariantAlleleFraction": "33.74%"
            },
            {
                "Gene": "AKT1",
                "GeneMutation": "p.E17K Missensevariant(exon2)-GOF",
                "description": "PTEN encodes a phosphatase that acts as a tumor suppressor by negatively regulating the PI3K-AKT-mTOR pathway. Loss of function mutations, copy number loss, and underexpression of PTEN are associated with cancer progression.",
                "VariantAlleleFraction": "22.36%"
            }
        ],
        "Somatic Variant Details - Biologically Relevant": [
            {
                "Gene": "ARID2",
                "GeneMutation": " p.W266* Nonsense-GOF",
                "description": "ARID2 encodes a protein that is a subunit of the SWI/SNF chromatin remodeling complex SWI/SNF-B or PBAF. This complex functions in ligand-dependent transcriptional activation. Loss of function mutations and copy number loss of ARID2 are associated with cancer progression.",
                "VariantAlleleFraction": "23.86%"
            }
        ]
    },
    "clinical history": {
        "Date": "2024-01-24"
    },
    "other": {
        "ReportId": "8629",
        "ReportDate": "2024-01-30",
        "SignedBy": "Derek Cooley",
        "Supervisor": "Dr. Karen Allen"
    }
}