{
    "low coverage regions": [
        "PAX5",
        "BRCA2"
    ],
    "genomic variants details": {
        "Somatic Variant Details - Potentially Actionable": [
            {
                "Gene": "APC",
                "GeneMutation": "p.I1307K Spliceregionvariant-LOF",
                "description": "BCL11B encodes a C2H2-type zinc finger protein that functions as a transcriptional repressor and plays a role in T-cell development and survival. Loss of function mutations, copy number loss, and fusions resulting in the underexpression of BCL11B are associated with cancer progression.",
                "VariantAlleleFraction": "23.13%"
            },
            {
                "Gene": "KLF4",
                "GeneMutation": "p.K409Q Spliceregionvariant-GOF",
                "description": "RBM10 encodes a protein that contains a RNA-binding motif and interacts with RNA homopolymers, and is thought to function in regulating alternative splicing. Loss of function mutations and copy number loss of RBM10 are associated with cancer progression.",
                "VariantAlleleFraction": "23.52%"
            }
        ],
        "Somatic Variant Details - Biologically Relevant": [
            {
                "Gene": "IKZF1",
                "GeneMutation": "p.K409Q Nonsense-GOF",
                "description": "FAT1 encodes a transmembrane protein involved in tumor suppressor signaling. FAT1 protein can regulate transcriptional activity by sequestering beta-catenin, thereby preventing it from entering the nucleus. Loss of function mutations and copy number loss of FAT1 are associated with cancer progression.",
                "VariantAlleleFraction": "27.29%"
            },
            {
                "Gene": "MYO1G",
                "GeneMutation": "p.N159Y Spliceregionvariant-LOF",
                "description": "BCL11B encodes a C2H2-type zinc finger protein that functions as a transcriptional repressor and plays a role in T-cell development and survival. Loss of function mutations, copy number loss, and fusions resulting in the underexpression of BCL11B are associated with cancer progression.",
                "VariantAlleleFraction": "3.93%"
            },
            {
                "Gene": "CSF3R",
                "GeneMutation": "p.G751A Nonsense-GOF",
                "description": "BCL11B encodes a C2H2-type zinc finger protein that functions as a transcriptional repressor and plays a role in T-cell development and survival. Loss of function mutations, copy number loss, and fusions resulting in the underexpression of BCL11B are associated with cancer progression.",
                "VariantAlleleFraction": "12.36%"
            },
            {
                "Gene": "ALK",
                "GeneMutation": "p.V49M Nonsense-GOF",
                "description": "KRAS is a GDP/GTP binding protein that acts as an intracellular signal transducer. KRAS is involved in several pathways involved in cellular proliferation and survival, including the PI3K-AKT-mTOR pathway and the Ras-Raf-MEK-ERK pathway. Activating mutations, copy number gains, and overexpression of KRAS are associated with cancer progression.",
                "VariantAlleleFraction": "11.14%"
            },
            {
                "Gene": "TEK",
                "GeneMutation": "p.F1174C Missensevariant(exon2)-GOF",
                "description": "FAT1 encodes a transmembrane protein involved in tumor suppressor signaling. FAT1 protein can regulate transcriptional activity by sequestering beta-catenin, thereby preventing it from entering the nucleus. Loss of function mutations and copy number loss of FAT1 are associated with cancer progression.",
                "VariantAlleleFraction": "9.03%"
            }
        ]
    },
    "clinical history": {
        "Date": "2023-11-16"
    },
    "other": {
        "ReportId": "5259",
        "ReportDate": "2023-11-19",
        "SignedBy": "Melissa Cooper",
        "Supervisor": "Dr. Adrian Calhoun"
    }
}