{
    "low coverage regions": [
        "CHD6",
        "TEK",
        "ALK"
    ],
    "genomic variants details": {
        "Somatic Variant Details - Potentially Actionable": [
            {
                "Gene": "DNMT3A",
                "GeneMutation": "p.P904L Spliceregionvariant-GOF",
                "description": "RBM10 encodes a protein that contains a RNA-binding motif and interacts with RNA homopolymers, and is thought to function in regulating alternative splicing. Loss of function mutations and copy number loss of RBM10 are associated with cancer progression.",
                "VariantAlleleFraction": "32.67%"
            },
            {
                "Gene": "STAT5B",
                "GeneMutation": "p.N642H Spliceregionvariant-GOF",
                "description": "FAT1 encodes a transmembrane protein involved in tumor suppressor signaling. FAT1 protein can regulate transcriptional activity by sequestering beta-catenin, thereby preventing it from entering the nucleus. Loss of function mutations and copy number loss of FAT1 are associated with cancer progression.",
                "VariantAlleleFraction": "15.84%"
            },
            {
                "Gene": "CALR",
                "GeneMutation": "p.K385fs*47 Spliceregionvariant-GOF",
                "description": "RBM10 encodes a protein that contains a RNA-binding motif and interacts with RNA homopolymers, and is thought to function in regulating alternative splicing. Loss of function mutations and copy number loss of RBM10 are associated with cancer progression.",
                "VariantAlleleFraction": "21.4%"
            },
            {
                "Gene": "BRCA1",
                "GeneMutation": "p.Q1756Pfs Missensevariant(exon2)-GOF",
                "description": "PTEN encodes a phosphatase that acts as a tumor suppressor by negatively regulating the PI3K-AKT-mTOR pathway. Loss of function mutations, copy number loss, and underexpression of PTEN are associated with cancer progression.",
                "VariantAlleleFraction": "11.34%"
            }
        ],
        "Somatic Variant Details - Biologically Relevant": [
            {
                "Gene": "BTK",
                "GeneMutation": "p.Q1756Pfs Frameshift-GOF",
                "description": "FAT1 encodes a transmembrane protein involved in tumor suppressor signaling. FAT1 protein can regulate transcriptional activity by sequestering beta-catenin, thereby preventing it from entering the nucleus. Loss of function mutations and copy number loss of FAT1 are associated with cancer progression.",
                "VariantAlleleFraction": "6.24%"
            },
            {
                "Gene": "XPC",
                "GeneMutation": "p.S346P Missensevariant(exon2)-GOF",
                "description": "RBM10 encodes a protein that contains a RNA-binding motif and interacts with RNA homopolymers, and is thought to function in regulating alternative splicing. Loss of function mutations and copy number loss of RBM10 are associated with cancer progression.",
                "VariantAlleleFraction": "6.23%"
            }
        ]
    },
    "clinical history": {
        "Date": "2024-03-20"
    },
    "other": {
        "ReportId": "4643",
        "ReportDate": "2024-03-27",
        "SignedBy": "Jennifer Walker",
        "Supervisor": "Dr. Robert Carter"
    }
}