{
    "Additional Indicators": [
        {
            "description": "Unfavorable Prognosis",
            "therapy": "NCCN, Consensus, Non-Small Cell Lung Cancer",
            "mutation": "KRASp.G12C Gain-of-function"
        }
    ],
    "Clinical trials": [
        {
            "description": "A Study of VS-6766 v. VS-6766 + Defactinib in Recurrent G12V, Other KRAS and BRAF Non- Small Cell Lung Cancer ",
            "phase": "Phase 2",
            "mutations": [
                "KRAS"
            ]
        },
        {
            "description": "A Phase 1/2 Study of MRTX849 in Patients With Cancer Having a KRAS G12C Mutation KRYSTAL-1",
            "phase": "Phase 1/2",
            "mutations": [
                "KRAS",
                "STK11"
            ]
        },
        {
            "description": "First-in-human Study of DRP-104 (Sirpiglenastat) as Single Agent and in Combination With Atezolizumab in Patients With Advanced Solid Tumors. (NCT04471415)",
            "phase": "Phase 1/2",
            "mutations": [
                "NFE2L2",
                "STK11"
            ]
        }
    ],
    "variants of unknown significance": {
        "Somatic": [
            {
                "Gene": "IKZF1",
                "GeneMutation": "p.N159Y Nonsense-GOF",
                "VariantAlleleFraction": "13.64%"
            },
            {
                "Gene": "RNF43",
                "GeneMutation": "p.A169T Nonsense-LOF",
                "VariantAlleleFraction": "17.84%"
            },
            {
                "Gene": "CHD6",
                "GeneMutation": "p.I1600M Nonsense-GOF",
                "VariantAlleleFraction": "9.95%"
            },
            {
                "Gene": "IKZF1",
                "GeneMutation": "p.N159Y Nonsense-LOF",
                "VariantAlleleFraction": "1.41%"
            },
            {
                "Gene": "HSD3B1",
                "GeneMutation": "p.T367= Frameshift-GOF",
                "VariantAlleleFraction": "2.03%"
            },
            {
                "Gene": "MAP2K2",
                "GeneMutation": "p.P128L Nonsense-LOF",
                "VariantAlleleFraction": "4.35%"
            },
            {
                "Gene": "GNAS",
                "GeneMutation": "p.R201S Nonsense-LOF",
                "VariantAlleleFraction": "9.04%"
            },
            {
                "Gene": "MYO1G",
                "GeneMutation": "p.V49M Frameshift-GOF",
                "VariantAlleleFraction": "9.62%"
            }
        ],
        "Germline": [
            {
                "Gene": "CTNNB1",
                "GeneMutation": "p.S45P Stopgain-LOF",
                "Condition": "technology"
            },
            {
                "Gene": "TP53",
                "GeneMutation": "p.V272A Nonsense-LOF",
                "Condition": "rise"
            }
        ]
    }
}