{
    "Additional Indicators": [
        {
            "description": "Unfavorable Prognosis",
            "therapy": "NCCN, Consensus, Non-Small Cell Lung Cancer",
            "mutation": "KRASp.G12C Gain-of-function"
        }
    ],
    "Clinical trials": [
        {
            "description": "A Study of VS-6766 v. VS-6766 + Defactinib in Recurrent G12V, Other KRAS and BRAF Non- Small Cell Lung Cancer ",
            "phase": "Phase 2",
            "mutations": [
                "KRAS"
            ]
        },
        {
            "description": "A Phase 1/2 Study of MRTX849 in Patients With Cancer Having a KRAS G12C Mutation KRYSTAL-1",
            "phase": "Phase 1/2",
            "mutations": [
                "KRAS",
                "STK11"
            ]
        },
        {
            "description": "First-in-human Study of DRP-104 (Sirpiglenastat) as Single Agent and in Combination With Atezolizumab in Patients With Advanced Solid Tumors. (NCT04471415)",
            "phase": "Phase 1/2",
            "mutations": [
                "NFE2L2",
                "STK11"
            ]
        }
    ],
    "variants of unknown significance": {
        "Somatic": [
            {
                "Gene": "CALR",
                "GeneMutation": "p.K385fs*47 Missensevariant(exon2)-GOF",
                "VariantAlleleFraction": "13.11%"
            },
            {
                "Gene": "FGFR4",
                "GeneMutation": "p.G388R Frameshift-LOF",
                "VariantAlleleFraction": "1.93%"
            },
            {
                "Gene": "EGFR",
                "GeneMutation": "p.D770_N771insD Frameshift-LOF",
                "VariantAlleleFraction": "10.31%"
            },
            {
                "Gene": "PKLR",
                "GeneMutation": "p.R479H Nonsense-LOF",
                "VariantAlleleFraction": "3.76%"
            },
            {
                "Gene": "MYD88",
                "GeneMutation": "p.L265P Nonsense-GOF",
                "VariantAlleleFraction": "3.63%"
            },
            {
                "Gene": "DICER1",
                "GeneMutation": "p.E1705V Frameshift-LOF",
                "VariantAlleleFraction": "3.55%"
            },
            {
                "Gene": "BRCA1",
                "GeneMutation": "p.Q1756Pfs Stopgain-LOF",
                "VariantAlleleFraction": "3.22%"
            },
            {
                "Gene": "MTOR",
                "GeneMutation": "p.G1954R Nonsense-LOF",
                "VariantAlleleFraction": "7.15%"
            }
        ],
        "Germline": [
            {
                "Gene": "CHD6",
                "GeneMutation": "p.I1600M Spliceregionvariant-LOF",
                "Condition": "drive"
            }
        ]
    }
}