{
    "low coverage regions": [
        "FGFR1"
    ],
    "genomic variants details": {
        "Somatic Variant Details - Potentially Actionable": [
            {
                "Gene": "TEK",
                "GeneMutation": "p.N452D Frameshift-GOF",
                "description": "RBM10 encodes a protein that contains a RNA-binding motif and interacts with RNA homopolymers, and is thought to function in regulating alternative splicing. Loss of function mutations and copy number loss of RBM10 are associated with cancer progression.",
                "VariantAlleleFraction": "31.81%"
            }
        ],
        "Somatic Variant Details - Biologically Relevant": [
            {
                "Gene": "IKZF1",
                "GeneMutation": "p.N159Y Frameshift-LOF",
                "description": "STK11 (LKB1) encodes an enzyme in the serine/threonine kinase family that is responsible for maintaining energy metabolism and cellular polarization through the activation of AMP-activated protein kinase and other members of the AMPK family. The enzyme also acts as a tumor suppressor by regulating cell growth. Loss of function mutations, copy number loss, epigenetic variation, and underexpression of STK11 are associated with cancer progression.",
                "VariantAlleleFraction": "33.51%"
            },
            {
                "Gene": "IDH2",
                "GeneMutation": "p.R172W Spliceregionvariant-LOF",
                "description": "KRAS is a GDP/GTP binding protein that acts as an intracellular signal transducer. KRAS is involved in several pathways involved in cellular proliferation and survival, including the PI3K-AKT-mTOR pathway and the Ras-Raf-MEK-ERK pathway. Activating mutations, copy number gains, and overexpression of KRAS are associated with cancer progression.",
                "VariantAlleleFraction": "16.96%"
            },
            {
                "Gene": "ALK",
                "GeneMutation": "p.R172S Spliceregionvariant-LOF",
                "description": "NFE2L2 acts as a transcription factor for proteins that contain an antioxidant response element (ARE) within their promoter sequence. Genes that contain ARE are involved in injury and inflammation response. Activating mutations and overexpression of NFE2L2 are associated with cancer progression.",
                "VariantAlleleFraction": "22.44%"
            },
            {
                "Gene": "MYO1G",
                "GeneMutation": "p.T1087I Spliceregionvariant-LOF",
                "description": "STK11 (LKB1) encodes an enzyme in the serine/threonine kinase family that is responsible for maintaining energy metabolism and cellular polarization through the activation of AMP-activated protein kinase and other members of the AMPK family. The enzyme also acts as a tumor suppressor by regulating cell growth. Loss of function mutations, copy number loss, epigenetic variation, and underexpression of STK11 are associated with cancer progression.",
                "VariantAlleleFraction": "13.92%"
            }
        ]
    },
    "clinical history": {
        "Date": "2023-09-05"
    },
    "other": {
        "ReportId": "2047",
        "ReportDate": "2023-09-15",
        "SignedBy": "Laurie Clark",
        "Supervisor": "Dr. Krista Gallagher"
    }
}