{
    "low coverage regions": [
        "PTCH1"
    ],
    "genomic variants details": {
        "Somatic Variant Details - Potentially Actionable": [
            {
                "Gene": "PRKCA",
                "GeneMutation": "p.D463H Frameshift-LOF",
                "description": "FAT1 encodes a transmembrane protein involved in tumor suppressor signaling. FAT1 protein can regulate transcriptional activity by sequestering beta-catenin, thereby preventing it from entering the nucleus. Loss of function mutations and copy number loss of FAT1 are associated with cancer progression.",
                "VariantAlleleFraction": "1.91%"
            },
            {
                "Gene": "AKT1",
                "GeneMutation": "p.E17K Stopgain-LOF",
                "description": "KRAS is a GDP/GTP binding protein that acts as an intracellular signal transducer. KRAS is involved in several pathways involved in cellular proliferation and survival, including the PI3K-AKT-mTOR pathway and the Ras-Raf-MEK-ERK pathway. Activating mutations, copy number gains, and overexpression of KRAS are associated with cancer progression.",
                "VariantAlleleFraction": "19.48%"
            },
            {
                "Gene": "ARID2",
                "GeneMutation": " p.W266* Nonsense-LOF",
                "description": "ARID2 encodes a protein that is a subunit of the SWI/SNF chromatin remodeling complex SWI/SNF-B or PBAF. This complex functions in ligand-dependent transcriptional activation. Loss of function mutations and copy number loss of ARID2 are associated with cancer progression.",
                "VariantAlleleFraction": "25.86%"
            }
        ],
        "Somatic Variant Details - Biologically Relevant": [
            {
                "Gene": "SMO",
                "GeneMutation": " p.W266* Nonsense-GOF",
                "description": "FAT1 encodes a transmembrane protein involved in tumor suppressor signaling. FAT1 protein can regulate transcriptional activity by sequestering beta-catenin, thereby preventing it from entering the nucleus. Loss of function mutations and copy number loss of FAT1 are associated with cancer progression.",
                "VariantAlleleFraction": "19.68%"
            },
            {
                "Gene": "FLT3",
                "GeneMutation": "p.D835X Spliceregionvariant-LOF",
                "description": "FAT1 encodes a transmembrane protein involved in tumor suppressor signaling. FAT1 protein can regulate transcriptional activity by sequestering beta-catenin, thereby preventing it from entering the nucleus. Loss of function mutations and copy number loss of FAT1 are associated with cancer progression.",
                "VariantAlleleFraction": "18.03%"
            },
            {
                "Gene": "HSD3B1",
                "GeneMutation": "p.T367N Nonsense-GOF",
                "description": "PTEN encodes a phosphatase that acts as a tumor suppressor by negatively regulating the PI3K-AKT-mTOR pathway. Loss of function mutations, copy number loss, and underexpression of PTEN are associated with cancer progression.",
                "VariantAlleleFraction": "10.09%"
            }
        ]
    },
    "clinical history": {
        "Date": "2024-04-06"
    },
    "other": {
        "ReportId": "4528",
        "ReportDate": "2024-04-09",
        "SignedBy": "David Williams",
        "Supervisor": "Dr. David Ayala"
    }
}