{
    "patient": {
        "Name": "Jennifer Castillo",
        "DateOfBirth": "1963-12-08",
        "Sex": "Female",
        "Diagnosis": "Acute lymphocytic leukemia (ALL)",
        "BodyPart": "Leukemia",
        "Physician": "Dr. William Martin",
        "TreatingInstitution": "Young, Thomas and Watkins"
    },
    "specimen": {
        "Tumor specimen": {
            "source": "Leukemia",
            "CollectedDate": "2024-03-26",
            "ReceivedDate": "2024-03-26",
            "TumorPercentage": "8%"
        },
        "Normal specimen": {
            "source": "Blood",
            "CollectedDate": "2024-03-29",
            "ReceivedDate": "2024-03-31"
        }
    },
    "genomic variants": {
        "Somatic - Potentially Actionable": [
            {
                "Gene": "KIT",
                "GeneMutation": "p.V559D Stopgain-LOF",
                "VariantAlleleFraction": "25.44%"
            }
        ],
        "Somatic - Biologically Relevant": [
            {
                "Gene": "BRAF",
                "GeneMutation": "p.K642E Frameshift-LOF",
                "VariantAlleleFraction": "10.63%"
            },
            {
                "Gene": "BRCA2",
                "GeneMutation": "p.V600K Missensevariant(exon2)-GOF",
                "VariantAlleleFraction": "28.01%"
            }
        ],
        "Germline - Pathogenic": [],
        "Pertinent Negatives": [
            "HRAS"
        ]
    },
    "immunotherapy markers": [
        {
            "marker_name": "Tumor Mutational Burden",
            "TmbValue": "9 m/Mb",
            "Tmbpercentile": "43%",
            "Status type": "Microsatellite Instability Status",
            "statusvalue": "High"
        }
    ],
    "FDA-Approved Therapies": {
        "Current Diagnosis": [
            {
                "Mechanism": "KRAS G12C Inhibitors",
                "Medication": "Sotorasib",
                "Recommendations": [
                    "NCCN, Consensus, Non-Small Cell Lung Cancer",
                    "MSK OncoKB, Level 1"
                ],
                "Relevant Mutation": "KRASp.G12C G12C-GOF"
            }
        ],
        "Other Indications": [
            {
                "Mechanism": "KRAS G12C Inhibitors",
                "Medication": "Sotorasib",
                "Recommendations": [
                    "NCCN, Consensus, Non-Small Cell Lung Cancer",
                    "MSK OncoKB, Level 1"
                ],
                "Relevant Mutation": "KRASp.G12C G12C-GOF"
            }
        ]
    }
}