{
    "low coverage regions": [
        "TLR8"
    ],
    "genomic variants details": {
        "Somatic Variant Details - Potentially Actionable": [
            {
                "Gene": "FGFR1",
                "GeneMutation": "p.K656E Missensevariant(exon2)-GOF",
                "description": "KRAS is a GDP/GTP binding protein that acts as an intracellular signal transducer. KRAS is involved in several pathways involved in cellular proliferation and survival, including the PI3K-AKT-mTOR pathway and the Ras-Raf-MEK-ERK pathway. Activating mutations, copy number gains, and overexpression of KRAS are associated with cancer progression.",
                "VariantAlleleFraction": "33.56%"
            },
            {
                "Gene": "HRAS",
                "GeneMutation": "p.G12V Spliceregionvariant-LOF",
                "description": "ARID2 encodes a protein that is a subunit of the SWI/SNF chromatin remodeling complex SWI/SNF-B or PBAF. This complex functions in ligand-dependent transcriptional activation. Loss of function mutations and copy number loss of ARID2 are associated with cancer progression.",
                "VariantAlleleFraction": "9.39%"
            }
        ],
        "Somatic Variant Details - Biologically Relevant": [
            {
                "Gene": "HBB",
                "GeneMutation": "p.E122Q Spliceregionvariant-GOF",
                "description": "RBM10 encodes a protein that contains a RNA-binding motif and interacts with RNA homopolymers, and is thought to function in regulating alternative splicing. Loss of function mutations and copy number loss of RBM10 are associated with cancer progression.",
                "VariantAlleleFraction": "10.29%"
            },
            {
                "Gene": "U2AF1",
                "GeneMutation": "p.G12X Spliceregionvariant-LOF",
                "description": "STK11 (LKB1) encodes an enzyme in the serine/threonine kinase family that is responsible for maintaining energy metabolism and cellular polarization through the activation of AMP-activated protein kinase and other members of the AMPK family. The enzyme also acts as a tumor suppressor by regulating cell growth. Loss of function mutations, copy number loss, epigenetic variation, and underexpression of STK11 are associated with cancer progression.",
                "VariantAlleleFraction": "5.71%"
            },
            {
                "Gene": "SRSF2",
                "GeneMutation": "p.R156X Nonsense-LOF",
                "description": "BCL11B encodes a C2H2-type zinc finger protein that functions as a transcriptional repressor and plays a role in T-cell development and survival. Loss of function mutations, copy number loss, and fusions resulting in the underexpression of BCL11B are associated with cancer progression.",
                "VariantAlleleFraction": "14.59%"
            }
        ]
    },
    "clinical history": {
        "Date": "2023-07-11"
    },
    "other": {
        "ReportId": "8512",
        "ReportDate": "2023-07-18",
        "SignedBy": "Michelle Anderson",
        "Supervisor": "Dr. Michael Burke"
    }
}