{
    "low coverage regions": [
        "FLT3",
        "MTOR",
        "HDAC2"
    ],
    "genomic variants details": {
        "Somatic Variant Details - Potentially Actionable": [
            {
                "Gene": "CCND3",
                "GeneMutation": "p.R256fs*64 Frameshift-GOF",
                "description": "RBM10 encodes a protein that contains a RNA-binding motif and interacts with RNA homopolymers, and is thought to function in regulating alternative splicing. Loss of function mutations and copy number loss of RBM10 are associated with cancer progression.",
                "VariantAlleleFraction": "30.18%"
            },
            {
                "Gene": "ZEB2",
                "GeneMutation": "p.H1038R Missensevariant(exon2)-GOF",
                "description": "FAT1 encodes a transmembrane protein involved in tumor suppressor signaling. FAT1 protein can regulate transcriptional activity by sequestering beta-catenin, thereby preventing it from entering the nucleus. Loss of function mutations and copy number loss of FAT1 are associated with cancer progression.",
                "VariantAlleleFraction": "31.52%"
            },
            {
                "Gene": "GNAS",
                "GeneMutation": "p.Q125R Nonsense-GOF",
                "description": "STK11 (LKB1) encodes an enzyme in the serine/threonine kinase family that is responsible for maintaining energy metabolism and cellular polarization through the activation of AMP-activated protein kinase and other members of the AMPK family. The enzyme also acts as a tumor suppressor by regulating cell growth. Loss of function mutations, copy number loss, epigenetic variation, and underexpression of STK11 are associated with cancer progression.",
                "VariantAlleleFraction": "2.26%"
            }
        ],
        "Somatic Variant Details - Biologically Relevant": [
            {
                "Gene": "DICER1",
                "GeneMutation": "p.W1831* Spliceregionvariant-GOF",
                "description": "KRAS is a GDP/GTP binding protein that acts as an intracellular signal transducer. KRAS is involved in several pathways involved in cellular proliferation and survival, including the PI3K-AKT-mTOR pathway and the Ras-Raf-MEK-ERK pathway. Activating mutations, copy number gains, and overexpression of KRAS are associated with cancer progression.",
                "VariantAlleleFraction": "16.85%"
            },
            {
                "Gene": "CDC73",
                "GeneMutation": "p.E1813G Stopgain-LOF",
                "description": "RBM10 encodes a protein that contains a RNA-binding motif and interacts with RNA homopolymers, and is thought to function in regulating alternative splicing. Loss of function mutations and copy number loss of RBM10 are associated with cancer progression.",
                "VariantAlleleFraction": "10.25%"
            },
            {
                "Gene": "EGFR",
                "GeneMutation": "p.P772_H773insNPH Stopgain-LOF",
                "description": "RBM10 encodes a protein that contains a RNA-binding motif and interacts with RNA homopolymers, and is thought to function in regulating alternative splicing. Loss of function mutations and copy number loss of RBM10 are associated with cancer progression.",
                "VariantAlleleFraction": "8.07%"
            }
        ]
    },
    "clinical history": {
        "Date": "2023-04-28"
    },
    "other": {
        "ReportId": "8347",
        "ReportDate": "2023-04-30",
        "SignedBy": "Timothy Johnson",
        "Supervisor": "Dr. Deborah Williams"
    }
}