{
    "low coverage regions": [
        "TLR8",
        "SF3B1",
        "BRCA1"
    ],
    "genomic variants details": {
        "Somatic Variant Details - Potentially Actionable": [
            {
                "Gene": "MUTYH",
                "GeneMutation": "p.Q338H Spliceregionvariant-GOF",
                "description": "TP53 encodes a protein that is a transcription factor that regulates the expression of genes involved in cell cycle arrest, apoptosis, and DNA repair. TP53 is a tumor suppressor gene that is mutated in many cancers. Mutations in TP53 are associated with cancer progression.",
                "VariantAlleleFraction": "6.1%"
            },
            {
                "Gene": "ALK",
                "GeneMutation": "p.F1174V Spliceregionvariant-LOF",
                "description": "ARID2 encodes a protein that is a subunit of the SWI/SNF chromatin remodeling complex SWI/SNF-B or PBAF. This complex functions in ligand-dependent transcriptional activation. Loss of function mutations and copy number loss of ARID2 are associated with cancer progression.",
                "VariantAlleleFraction": "5.34%"
            },
            {
                "Gene": "SRSF2",
                "GeneMutation": "p.P95X Frameshift-LOF",
                "description": "TP53 encodes a protein that is a transcription factor that regulates the expression of genes involved in cell cycle arrest, apoptosis, and DNA repair. TP53 is a tumor suppressor gene that is mutated in many cancers. Mutations in TP53 are associated with cancer progression.",
                "VariantAlleleFraction": "21.07%"
            }
        ],
        "Somatic Variant Details - Biologically Relevant": [
            {
                "Gene": "CSF1R",
                "GeneMutation": "p.N648S Missensevariant(exon2)-GOF",
                "description": "BCL11B encodes a C2H2-type zinc finger protein that functions as a transcriptional repressor and plays a role in T-cell development and survival. Loss of function mutations, copy number loss, and fusions resulting in the underexpression of BCL11B are associated with cancer progression.",
                "VariantAlleleFraction": "3.81%"
            },
            {
                "Gene": "SDHA",
                "GeneMutation": "p.H362R Frameshift-LOF",
                "description": "STK11 (LKB1) encodes an enzyme in the serine/threonine kinase family that is responsible for maintaining energy metabolism and cellular polarization through the activation of AMP-activated protein kinase and other members of the AMPK family. The enzyme also acts as a tumor suppressor by regulating cell growth. Loss of function mutations, copy number loss, epigenetic variation, and underexpression of STK11 are associated with cancer progression.",
                "VariantAlleleFraction": "6.16%"
            }
        ]
    },
    "clinical history": {
        "Date": "2023-10-31"
    },
    "other": {
        "ReportId": "4014",
        "ReportDate": "2023-11-02",
        "SignedBy": "Stacy Rodriguez",
        "Supervisor": "Dr. Eric Adkins"
    }
}