{
    "Additional Indicators": [
        {
            "description": "Unfavorable Prognosis",
            "therapy": "NCCN, Consensus, Non-Small Cell Lung Cancer",
            "mutation": "KRASp.G12C Gain-of-function"
        }
    ],
    "Clinical trials": [
        {
            "description": "A Study of VS-6766 v. VS-6766 + Defactinib in Recurrent G12V, Other KRAS and BRAF Non- Small Cell Lung Cancer ",
            "phase": "Phase 2",
            "mutations": [
                "KRAS"
            ]
        },
        {
            "description": "A Phase 1/2 Study of MRTX849 in Patients With Cancer Having a KRAS G12C Mutation KRYSTAL-1",
            "phase": "Phase 1/2",
            "mutations": [
                "KRAS",
                "STK11"
            ]
        },
        {
            "description": "First-in-human Study of DRP-104 (Sirpiglenastat) as Single Agent and in Combination With Atezolizumab in Patients With Advanced Solid Tumors. (NCT04471415)",
            "phase": "Phase 1/2",
            "mutations": [
                "NFE2L2",
                "STK11"
            ]
        }
    ],
    "variants of unknown significance": {
        "Somatic": [
            {
                "Gene": "FGFR3",
                "GeneMutation": "p.R248C Stopgain-LOF",
                "VariantAlleleFraction": "18.87%"
            },
            {
                "Gene": "IDH2",
                "GeneMutation": "p.R140L Spliceregionvariant-LOF",
                "VariantAlleleFraction": "7.92%"
            },
            {
                "Gene": "KLF4",
                "GeneMutation": "p.K409Q Nonsense-GOF",
                "VariantAlleleFraction": "3.74%"
            },
            {
                "Gene": "NCSTN",
                "GeneMutation": "p.A572G Spliceregionvariant-GOF",
                "VariantAlleleFraction": "8.64%"
            },
            {
                "Gene": "U2AF1",
                "GeneMutation": "p.Q157X Nonsense-GOF",
                "VariantAlleleFraction": "1.22%"
            },
            {
                "Gene": "HSD3B1",
                "GeneMutation": "p.T367= Spliceregionvariant-GOF",
                "VariantAlleleFraction": "6.81%"
            },
            {
                "Gene": "ARHGAP45",
                "GeneMutation": "p.R139H Frameshift-LOF",
                "VariantAlleleFraction": "8.19%"
            },
            {
                "Gene": "HSD3B1",
                "GeneMutation": "p.T367= Spliceregionvariant-LOF",
                "VariantAlleleFraction": "8.58%"
            },
            {
                "Gene": "PDGFRA",
                "GeneMutation": "p.D842V Frameshift-LOF",
                "VariantAlleleFraction": "4.59%"
            }
        ],
        "Germline": []
    }
}