{
    "low coverage regions": [
        "CHEK2"
    ],
    "genomic variants details": {
        "Somatic Variant Details - Potentially Actionable": [
            {
                "Gene": "IKZF1",
                "GeneMutation": "p.N159Y Missensevariant(exon2)-GOF",
                "description": "PTEN encodes a phosphatase that acts as a tumor suppressor by negatively regulating the PI3K-AKT-mTOR pathway. Loss of function mutations, copy number loss, and underexpression of PTEN are associated with cancer progression.",
                "VariantAlleleFraction": "39.35%"
            },
            {
                "Gene": "HBB",
                "GeneMutation": "p.E7K Missensevariant(exon2)-GOF",
                "description": "STK11 (LKB1) encodes an enzyme in the serine/threonine kinase family that is responsible for maintaining energy metabolism and cellular polarization through the activation of AMP-activated protein kinase and other members of the AMPK family. The enzyme also acts as a tumor suppressor by regulating cell growth. Loss of function mutations, copy number loss, epigenetic variation, and underexpression of STK11 are associated with cancer progression.",
                "VariantAlleleFraction": "14.8%"
            },
            {
                "Gene": "XPC",
                "GeneMutation": "p.S346P Frameshift-LOF",
                "description": "RBM10 encodes a protein that contains a RNA-binding motif and interacts with RNA homopolymers, and is thought to function in regulating alternative splicing. Loss of function mutations and copy number loss of RBM10 are associated with cancer progression.",
                "VariantAlleleFraction": "28.56%"
            }
        ],
        "Somatic Variant Details - Biologically Relevant": [
            {
                "Gene": "PTEN",
                "GeneMutation": "p.R130Q Nonsense-GOF",
                "description": "PTEN encodes a phosphatase that acts as a tumor suppressor by negatively regulating the PI3K-AKT-mTOR pathway. Loss of function mutations, copy number loss, and underexpression of PTEN are associated with cancer progression.",
                "VariantAlleleFraction": "7.51%"
            },
            {
                "Gene": "NCSTN",
                "GeneMutation": "p.R130L Spliceregionvariant-GOF",
                "description": "RBM10 encodes a protein that contains a RNA-binding motif and interacts with RNA homopolymers, and is thought to function in regulating alternative splicing. Loss of function mutations and copy number loss of RBM10 are associated with cancer progression.",
                "VariantAlleleFraction": "2.35%"
            }
        ]
    },
    "clinical history": {
        "Date": "2023-09-05"
    },
    "other": {
        "ReportId": "5657",
        "ReportDate": "2023-09-15",
        "SignedBy": "Bradley Huang",
        "Supervisor": "Dr. Jessica Vazquez"
    }
}