{
    "Additional Indicators": [
        {
            "description": "Unfavorable Prognosis",
            "therapy": "NCCN, Consensus, Non-Small Cell Lung Cancer",
            "mutation": "KRASp.G12C Gain-of-function"
        }
    ],
    "Clinical trials": [
        {
            "description": "A Study of VS-6766 v. VS-6766 + Defactinib in Recurrent G12V, Other KRAS and BRAF Non- Small Cell Lung Cancer ",
            "phase": "Phase 2",
            "mutations": [
                "KRAS"
            ]
        },
        {
            "description": "A Phase 1/2 Study of MRTX849 in Patients With Cancer Having a KRAS G12C Mutation KRYSTAL-1",
            "phase": "Phase 1/2",
            "mutations": [
                "KRAS",
                "STK11"
            ]
        },
        {
            "description": "First-in-human Study of DRP-104 (Sirpiglenastat) as Single Agent and in Combination With Atezolizumab in Patients With Advanced Solid Tumors. (NCT04471415)",
            "phase": "Phase 1/2",
            "mutations": [
                "NFE2L2",
                "STK11"
            ]
        }
    ],
    "variants of unknown significance": {
        "Somatic": [
            {
                "Gene": "SMO",
                "GeneMutation": "p.A374E Missensevariant(exon2)-GOF",
                "VariantAlleleFraction": "9.67%"
            },
            {
                "Gene": "RB1",
                "GeneMutation": "p.F650S Spliceregionvariant-LOF",
                "VariantAlleleFraction": "9.37%"
            },
            {
                "Gene": "IDH1",
                "GeneMutation": "p.R132X Stopgain-LOF",
                "VariantAlleleFraction": "8.63%"
            },
            {
                "Gene": "DICER1",
                "GeneMutation": "p.E1813K Spliceregionvariant-LOF",
                "VariantAlleleFraction": "7.0%"
            },
            {
                "Gene": "SF3B1",
                "GeneMutation": "p.K741X Nonsense-GOF",
                "VariantAlleleFraction": "5.19%"
            },
            {
                "Gene": "SMO",
                "GeneMutation": "p.A374E Nonsense-LOF",
                "VariantAlleleFraction": "9.61%"
            }
        ],
        "Germline": [
            {
                "Gene": "CDC73",
                "GeneMutation": "p.M1V Spliceregionvariant-LOF",
                "Condition": "her"
            },
            {
                "Gene": "PHF6",
                "GeneMutation": "p.R225X Nonsense-LOF",
                "Condition": "trial"
            }
        ]
    }
}