{
    "Additional Indicators": [
        {
            "description": "Unfavorable Prognosis",
            "therapy": "NCCN, Consensus, Non-Small Cell Lung Cancer",
            "mutation": "KRASp.G12C Gain-of-function"
        }
    ],
    "Clinical trials": [
        {
            "description": "A Study of VS-6766 v. VS-6766 + Defactinib in Recurrent G12V, Other KRAS and BRAF Non- Small Cell Lung Cancer ",
            "phase": "Phase 2",
            "mutations": [
                "KRAS"
            ]
        },
        {
            "description": "A Phase 1/2 Study of MRTX849 in Patients With Cancer Having a KRAS G12C Mutation KRYSTAL-1",
            "phase": "Phase 1/2",
            "mutations": [
                "KRAS",
                "STK11"
            ]
        },
        {
            "description": "First-in-human Study of DRP-104 (Sirpiglenastat) as Single Agent and in Combination With Atezolizumab in Patients With Advanced Solid Tumors. (NCT04471415)",
            "phase": "Phase 1/2",
            "mutations": [
                "NFE2L2",
                "STK11"
            ]
        }
    ],
    "variants of unknown significance": {
        "Somatic": [
            {
                "Gene": "HSD3B1",
                "GeneMutation": "p.T367N Spliceregionvariant-LOF",
                "VariantAlleleFraction": "7.39%"
            },
            {
                "Gene": "U2AF1",
                "GeneMutation": "p.R156X Nonsense-LOF",
                "VariantAlleleFraction": "16.15%"
            },
            {
                "Gene": "ERBB2",
                "GeneMutation": "p.G776C Nonsense-LOF",
                "VariantAlleleFraction": "4.72%"
            },
            {
                "Gene": "JAK3",
                "GeneMutation": "p.L857P Spliceregionvariant-LOF",
                "VariantAlleleFraction": "1.43%"
            },
            {
                "Gene": "RNF43",
                "GeneMutation": "p.A169T Frameshift-GOF",
                "VariantAlleleFraction": "5.57%"
            },
            {
                "Gene": "NCSTN",
                "GeneMutation": "p.A572G Frameshift-GOF",
                "VariantAlleleFraction": "3.88%"
            }
        ],
        "Germline": [
            {
                "Gene": "NT5C2",
                "GeneMutation": "p.R367Q Frameshift-GOF",
                "Condition": "wait"
            },
            {
                "Gene": "FGFR3",
                "GeneMutation": "p.Y373C Frameshift-LOF",
                "Condition": "need"
            }
        ]
    }
}