{
    "patient": {
        "Name": "Charles Turner",
        "DateOfBirth": "1972-09-21",
        "Sex": "Male",
        "Diagnosis": "Medullary thyroid cancer",
        "BodyPart": "Thyroid",
        "Physician": "Dr. Rebecca Flynn",
        "TreatingInstitution": "Fletcher PLC"
    },
    "specimen": {
        "Tumor specimen": {
            "source": "Thyroid",
            "CollectedDate": "2023-04-28",
            "ReceivedDate": "2023-04-29",
            "TumorPercentage": "68%"
        },
        "Normal specimen": {
            "source": "Blood",
            "CollectedDate": "2023-05-04",
            "ReceivedDate": "2023-05-06"
        }
    },
    "genomic variants": {
        "Somatic - Potentially Actionable": [
            {
                "Gene": "PDGFRB",
                "GeneMutation": "p.T681I Frameshift-GOF",
                "VariantAlleleFraction": "22.86%"
            },
            {
                "Gene": "CCND3",
                "GeneMutation": "p.R256fs*64 Nonsense-GOF",
                "VariantAlleleFraction": "5.48%"
            }
        ],
        "Somatic - Biologically Relevant": [
            {
                "Gene": "ERBB2",
                "GeneMutation": "p.R896C Spliceregionvariant-LOF",
                "VariantAlleleFraction": "1.03%"
            },
            {
                "Gene": "MAPK1",
                "GeneMutation": "p.L755P Nonsense-LOF",
                "VariantAlleleFraction": "6.25%"
            },
            {
                "Gene": "CDC73",
                "GeneMutation": "p.L755S Nonsense-GOF",
                "VariantAlleleFraction": "10.39%"
            },
            {
                "Gene": "SDHA",
                "GeneMutation": "p.R256fs*64 Frameshift-GOF",
                "VariantAlleleFraction": "13.38%"
            },
            {
                "Gene": "ABL1",
                "GeneMutation": "p.G660D Missensevariant(exon2)-GOF",
                "VariantAlleleFraction": "7.63%"
            },
            {
                "Gene": "KRAS",
                "GeneMutation": "p.G12C Nonsense-GOF",
                "VariantAlleleFraction": "4.59%"
            }
        ],
        "Germline - Pathogenic": [],
        "Pertinent Negatives": [
            "SRSF2",
            "PAX5",
            "CCND3",
            "HDAC2",
            "PDGFRA"
        ]
    },
    "immunotherapy markers": [
        {
            "marker_name": "Tumor Mutational Burden",
            "TmbValue": "40 m/Mb",
            "Tmbpercentile": "97%",
            "Status type": "Microsatellite Instability Status",
            "statusvalue": "Stable"
        }
    ],
    "FDA-Approved Therapies": {
        "Current Diagnosis": [
            {
                "Mechanism": "KRAS G12C Inhibitors",
                "Medication": "Sotorasib",
                "Recommendations": [
                    "NCCN, Consensus, Non-Small Cell Lung Cancer",
                    "MSK OncoKB, Level 1"
                ],
                "Relevant Mutation": "KRASp.G12C G12C-GOF"
            }
        ],
        "Other Indications": [
            {
                "Mechanism": "KRAS G12C Inhibitors",
                "Medication": "Sotorasib",
                "Recommendations": [
                    "NCCN, Consensus, Non-Small Cell Lung Cancer",
                    "MSK OncoKB, Level 1"
                ],
                "Relevant Mutation": "KRASp.G12C G12C-GOF"
            }
        ]
    }
}