{
    "Additional Indicators": [
        {
            "description": "Unfavorable Prognosis",
            "therapy": "NCCN, Consensus, Non-Small Cell Lung Cancer",
            "mutation": "KRASp.G12C Gain-of-function"
        }
    ],
    "Clinical trials": [
        {
            "description": "A Study of VS-6766 v. VS-6766 + Defactinib in Recurrent G12V, Other KRAS and BRAF Non- Small Cell Lung Cancer ",
            "phase": "Phase 2",
            "mutations": [
                "KRAS"
            ]
        },
        {
            "description": "A Phase 1/2 Study of MRTX849 in Patients With Cancer Having a KRAS G12C Mutation KRYSTAL-1",
            "phase": "Phase 1/2",
            "mutations": [
                "KRAS",
                "STK11"
            ]
        },
        {
            "description": "First-in-human Study of DRP-104 (Sirpiglenastat) as Single Agent and in Combination With Atezolizumab in Patients With Advanced Solid Tumors. (NCT04471415)",
            "phase": "Phase 1/2",
            "mutations": [
                "NFE2L2",
                "STK11"
            ]
        }
    ],
    "variants of unknown significance": {
        "Somatic": [
            {
                "Gene": "XPC",
                "GeneMutation": "p.S346P Spliceregionvariant-LOF",
                "VariantAlleleFraction": "3.25%"
            },
            {
                "Gene": "ARHGAP45",
                "GeneMutation": "p.R139H Nonsense-LOF",
                "VariantAlleleFraction": "14.86%"
            },
            {
                "Gene": "GNAS",
                "GeneMutation": "p.R201H Frameshift-LOF",
                "VariantAlleleFraction": "5.1%"
            },
            {
                "Gene": "MYO1G",
                "GeneMutation": "p.V49M Frameshift-GOF",
                "VariantAlleleFraction": "4.24%"
            },
            {
                "Gene": "CSF1R",
                "GeneMutation": "p.H362R Frameshift-LOF",
                "VariantAlleleFraction": "9.17%"
            },
            {
                "Gene": "SMO",
                "GeneMutation": "p.A374E Spliceregionvariant-GOF",
                "VariantAlleleFraction": "1.1%"
            },
            {
                "Gene": "ERBB2",
                "GeneMutation": "p.G776C Frameshift-GOF",
                "VariantAlleleFraction": "4.82%"
            },
            {
                "Gene": "H3.3",
                "GeneMutation": "p.G35L Missensevariant(exon2)-GOF",
                "VariantAlleleFraction": "7.72%"
            },
            {
                "Gene": "HBB",
                "GeneMutation": "p.E7V Spliceregionvariant-GOF",
                "VariantAlleleFraction": "7.18%"
            },
            {
                "Gene": "MET",
                "GeneMutation": "p.V1070G Missensevariant(exon2)-GOF",
                "VariantAlleleFraction": "2.35%"
            },
            {
                "Gene": "PDGFRA",
                "GeneMutation": "p.D842V Nonsense-LOF",
                "VariantAlleleFraction": "5.15%"
            },
            {
                "Gene": "SIX1",
                "GeneMutation": "p.Q177R Spliceregionvariant-LOF",
                "VariantAlleleFraction": "8.91%"
            }
        ],
        "Germline": []
    }
}