{
    "low coverage regions": [
        "NF1",
        "FBXW7",
        "ARID2"
    ],
    "genomic variants details": {
        "Somatic Variant Details - Potentially Actionable": [
            {
                "Gene": "MSH2",
                "GeneMutation": "p.A636P Nonsense-LOF",
                "description": "FAT1 encodes a transmembrane protein involved in tumor suppressor signaling. FAT1 protein can regulate transcriptional activity by sequestering beta-catenin, thereby preventing it from entering the nucleus. Loss of function mutations and copy number loss of FAT1 are associated with cancer progression.",
                "VariantAlleleFraction": "3.22%"
            },
            {
                "Gene": "PTEN",
                "GeneMutation": "p.R130Q Spliceregionvariant-GOF",
                "description": "PTEN encodes a phosphatase that acts as a tumor suppressor by negatively regulating the PI3K-AKT-mTOR pathway. Loss of function mutations, copy number loss, and underexpression of PTEN are associated with cancer progression.",
                "VariantAlleleFraction": "12.8%"
            },
            {
                "Gene": "U2AF1",
                "GeneMutation": "p.S34X Spliceregionvariant-GOF",
                "description": "TP53 encodes a protein that is a transcription factor that regulates the expression of genes involved in cell cycle arrest, apoptosis, and DNA repair. TP53 is a tumor suppressor gene that is mutated in many cancers. Mutations in TP53 are associated with cancer progression.",
                "VariantAlleleFraction": "29.63%"
            },
            {
                "Gene": "HRAS",
                "GeneMutation": "p.G12D Nonsense-GOF",
                "description": "RBM10 encodes a protein that contains a RNA-binding motif and interacts with RNA homopolymers, and is thought to function in regulating alternative splicing. Loss of function mutations and copy number loss of RBM10 are associated with cancer progression.",
                "VariantAlleleFraction": "18.37%"
            }
        ],
        "Somatic Variant Details - Biologically Relevant": [
            {
                "Gene": "NCSTN",
                "GeneMutation": "p.G12X Spliceregionvariant-GOF",
                "description": "ARID2 encodes a protein that is a subunit of the SWI/SNF chromatin remodeling complex SWI/SNF-B or PBAF. This complex functions in ligand-dependent transcriptional activation. Loss of function mutations and copy number loss of ARID2 are associated with cancer progression.",
                "VariantAlleleFraction": "4.75%"
            }
        ]
    },
    "clinical history": {
        "Date": "2023-07-02"
    },
    "other": {
        "ReportId": "9628",
        "ReportDate": "2023-07-04",
        "SignedBy": "Jerome House",
        "Supervisor": "Dr. Roberto Gordon"
    }
}