{
    "low coverage regions": [
        "NF1"
    ],
    "genomic variants details": {
        "Somatic Variant Details - Potentially Actionable": [
            {
                "Gene": "DPYD",
                "GeneMutation": "p.I543V Frameshift-GOF",
                "description": "PTEN encodes a phosphatase that acts as a tumor suppressor by negatively regulating the PI3K-AKT-mTOR pathway. Loss of function mutations, copy number loss, and underexpression of PTEN are associated with cancer progression.",
                "VariantAlleleFraction": "34.26%"
            },
            {
                "Gene": "H3.3",
                "GeneMutation": "p.G35R Stopgain-LOF",
                "description": "FAT1 encodes a transmembrane protein involved in tumor suppressor signaling. FAT1 protein can regulate transcriptional activity by sequestering beta-catenin, thereby preventing it from entering the nucleus. Loss of function mutations and copy number loss of FAT1 are associated with cancer progression.",
                "VariantAlleleFraction": "6.13%"
            }
        ],
        "Somatic Variant Details - Biologically Relevant": [
            {
                "Gene": "PTCH1",
                "GeneMutation": "p.T1195S Nonsense-LOF",
                "description": "RBM10 encodes a protein that contains a RNA-binding motif and interacts with RNA homopolymers, and is thought to function in regulating alternative splicing. Loss of function mutations and copy number loss of RBM10 are associated with cancer progression.",
                "VariantAlleleFraction": "12.78%"
            }
        ]
    },
    "clinical history": {
        "Date": "2024-03-26"
    },
    "other": {
        "ReportId": "6223",
        "ReportDate": "2024-04-06",
        "SignedBy": "Andrew Lang",
        "Supervisor": "Dr. Laura Carter"
    }
}