{
    "patient": {
        "Name": "Mary West",
        "DateOfBirth": "1999-01-23",
        "Sex": "Female",
        "Diagnosis": "Medullary thyroid cancer",
        "BodyPart": "Thyroid",
        "Physician": "Dr. Katie Brown",
        "TreatingInstitution": "Wilson and Sons"
    },
    "specimen": {
        "Tumor specimen": {
            "source": "Thyroid",
            "CollectedDate": "2024-04-18",
            "ReceivedDate": "2024-04-21",
            "TumorPercentage": "6%"
        },
        "Normal specimen": {
            "source": "Blood",
            "CollectedDate": "2024-04-19",
            "ReceivedDate": "2024-04-19"
        }
    },
    "genomic variants": {
        "Somatic - Potentially Actionable": [
            {
                "Gene": "ALDH2",
                "GeneMutation": "p.E504K Missensevariant(exon2)-GOF",
                "VariantAlleleFraction": "20.85%"
            },
            {
                "Gene": "MYO1G",
                "GeneMutation": "p.V49M Missensevariant(exon2)-GOF",
                "VariantAlleleFraction": "25.75%"
            },
            {
                "Gene": "BRCA1",
                "GeneMutation": "p.E23Vfs*17 Nonsense-GOF",
                "VariantAlleleFraction": "15.62%"
            },
            {
                "Gene": "NT5C2",
                "GeneMutation": "p.R367Q Frameshift-GOF",
                "VariantAlleleFraction": "24.27%"
            }
        ],
        "Somatic - Biologically Relevant": [
            {
                "Gene": "BTK",
                "GeneMutation": "p.C481X Frameshift-GOF",
                "VariantAlleleFraction": "13.58%"
            },
            {
                "Gene": "CHEK2",
                "GeneMutation": "p.S428F Nonsense-GOF",
                "VariantAlleleFraction": "5.12%"
            },
            {
                "Gene": "CSF3R",
                "GeneMutation": "p.R367Q Spliceregionvariant-GOF",
                "VariantAlleleFraction": "6.82%"
            }
        ],
        "Germline - Pathogenic": [],
        "Pertinent Negatives": [
            "ARHGAP45",
            "RNF43"
        ]
    },
    "immunotherapy markers": [
        {
            "marker_name": "Tumor Mutational Burden",
            "TmbValue": "41 m/Mb",
            "Tmbpercentile": "61%",
            "Status type": "Microsatellite Instability Status",
            "statusvalue": "Equivocal"
        }
    ],
    "FDA-Approved Therapies": {
        "Current Diagnosis": [
            {
                "Mechanism": "KRAS G12C Inhibitors",
                "Medication": "Sotorasib",
                "Recommendations": [
                    "NCCN, Consensus, Non-Small Cell Lung Cancer",
                    "MSK OncoKB, Level 1"
                ],
                "Relevant Mutation": "KRASp.G12C G12C-GOF"
            }
        ],
        "Other Indications": [
            {
                "Mechanism": "KRAS G12C Inhibitors",
                "Medication": "Sotorasib",
                "Recommendations": [
                    "NCCN, Consensus, Non-Small Cell Lung Cancer",
                    "MSK OncoKB, Level 1"
                ],
                "Relevant Mutation": "KRASp.G12C G12C-GOF"
            }
        ]
    }
}