{
    "low coverage regions": [
        "CSF1R",
        "DDR2",
        "CD74"
    ],
    "genomic variants details": {
        "Somatic Variant Details - Potentially Actionable": [
            {
                "Gene": "ALDH2",
                "GeneMutation": "p.E504K Missensevariant(exon2)-GOF",
                "description": "FAT1 encodes a transmembrane protein involved in tumor suppressor signaling. FAT1 protein can regulate transcriptional activity by sequestering beta-catenin, thereby preventing it from entering the nucleus. Loss of function mutations and copy number loss of FAT1 are associated with cancer progression.",
                "VariantAlleleFraction": "20.85%"
            },
            {
                "Gene": "MYO1G",
                "GeneMutation": "p.V49M Missensevariant(exon2)-GOF",
                "description": "FAT1 encodes a transmembrane protein involved in tumor suppressor signaling. FAT1 protein can regulate transcriptional activity by sequestering beta-catenin, thereby preventing it from entering the nucleus. Loss of function mutations and copy number loss of FAT1 are associated with cancer progression.",
                "VariantAlleleFraction": "25.75%"
            },
            {
                "Gene": "BRCA1",
                "GeneMutation": "p.E23Vfs*17 Nonsense-GOF",
                "description": "ARID2 encodes a protein that is a subunit of the SWI/SNF chromatin remodeling complex SWI/SNF-B or PBAF. This complex functions in ligand-dependent transcriptional activation. Loss of function mutations and copy number loss of ARID2 are associated with cancer progression.",
                "VariantAlleleFraction": "15.62%"
            },
            {
                "Gene": "NT5C2",
                "GeneMutation": "p.R367Q Frameshift-GOF",
                "description": "RBM10 encodes a protein that contains a RNA-binding motif and interacts with RNA homopolymers, and is thought to function in regulating alternative splicing. Loss of function mutations and copy number loss of RBM10 are associated with cancer progression.",
                "VariantAlleleFraction": "24.27%"
            }
        ],
        "Somatic Variant Details - Biologically Relevant": [
            {
                "Gene": "BTK",
                "GeneMutation": "p.C481X Frameshift-GOF",
                "description": "FAT1 encodes a transmembrane protein involved in tumor suppressor signaling. FAT1 protein can regulate transcriptional activity by sequestering beta-catenin, thereby preventing it from entering the nucleus. Loss of function mutations and copy number loss of FAT1 are associated with cancer progression.",
                "VariantAlleleFraction": "13.58%"
            },
            {
                "Gene": "CHEK2",
                "GeneMutation": "p.S428F Nonsense-GOF",
                "description": "STK11 (LKB1) encodes an enzyme in the serine/threonine kinase family that is responsible for maintaining energy metabolism and cellular polarization through the activation of AMP-activated protein kinase and other members of the AMPK family. The enzyme also acts as a tumor suppressor by regulating cell growth. Loss of function mutations, copy number loss, epigenetic variation, and underexpression of STK11 are associated with cancer progression.",
                "VariantAlleleFraction": "5.12%"
            },
            {
                "Gene": "CSF3R",
                "GeneMutation": "p.R367Q Spliceregionvariant-GOF",
                "description": "KRAS is a GDP/GTP binding protein that acts as an intracellular signal transducer. KRAS is involved in several pathways involved in cellular proliferation and survival, including the PI3K-AKT-mTOR pathway and the Ras-Raf-MEK-ERK pathway. Activating mutations, copy number gains, and overexpression of KRAS are associated with cancer progression.",
                "VariantAlleleFraction": "6.82%"
            }
        ]
    },
    "clinical history": {
        "Date": "2024-04-17"
    },
    "other": {
        "ReportId": "5371",
        "ReportDate": "2024-04-18",
        "SignedBy": "Katie Brown",
        "Supervisor": "Dr. Jamie Wilcox"
    }
}