{
    "patient": {
        "Name": "Timothy Strickland",
        "DateOfBirth": "1979-01-19",
        "Sex": "Female",
        "Diagnosis": "Medullary thyroid cancer",
        "BodyPart": "Thyroid",
        "Physician": "Dr. William Hays",
        "TreatingInstitution": "Welch and Sons"
    },
    "specimen": {
        "Tumor specimen": {
            "source": "Thyroid",
            "CollectedDate": "2024-02-04",
            "ReceivedDate": "2024-02-06",
            "TumorPercentage": "77%"
        },
        "Normal specimen": {
            "source": "Blood",
            "CollectedDate": "2024-02-05",
            "ReceivedDate": "2024-02-07"
        }
    },
    "genomic variants": {
        "Somatic - Potentially Actionable": [
            {
                "Gene": "PTCH1",
                "GeneMutation": "p.T1195S Missensevariant(exon2)-GOF",
                "VariantAlleleFraction": "18.3%"
            }
        ],
        "Somatic - Biologically Relevant": [
            {
                "Gene": "XPC",
                "GeneMutation": "p.S346P Frameshift-GOF",
                "VariantAlleleFraction": "14.45%"
            },
            {
                "Gene": "PRKCA",
                "GeneMutation": "p.S346P Frameshift-GOF",
                "VariantAlleleFraction": "12.29%"
            }
        ],
        "Germline - Pathogenic": [],
        "Pertinent Negatives": [
            "KIT",
            "NCSTN"
        ]
    },
    "immunotherapy markers": [
        {
            "marker_name": "Tumor Mutational Burden",
            "TmbValue": "16 m/Mb",
            "Tmbpercentile": "15%",
            "Status type": "Microsatellite Instability Status",
            "statusvalue": "High"
        }
    ],
    "FDA-Approved Therapies": {
        "Current Diagnosis": [
            {
                "Mechanism": "KRAS G12C Inhibitors",
                "Medication": "Sotorasib",
                "Recommendations": [
                    "NCCN, Consensus, Non-Small Cell Lung Cancer",
                    "MSK OncoKB, Level 1"
                ],
                "Relevant Mutation": "KRASp.G12C G12C-GOF"
            }
        ],
        "Other Indications": [
            {
                "Mechanism": "KRAS G12C Inhibitors",
                "Medication": "Sotorasib",
                "Recommendations": [
                    "NCCN, Consensus, Non-Small Cell Lung Cancer",
                    "MSK OncoKB, Level 1"
                ],
                "Relevant Mutation": "KRASp.G12C G12C-GOF"
            }
        ]
    }
}