{
    "patient": {
        "Name": "Daniel Flores",
        "DateOfBirth": "1978-12-04",
        "Sex": "Male",
        "Diagnosis": "Pancreatic neuroendocrine tumors",
        "BodyPart": "Pancreatic",
        "Physician": "Dr. Philip Marquez",
        "TreatingInstitution": "Bishop-Thompson"
    },
    "specimen": {
        "Tumor specimen": {
            "source": "Pancreatic",
            "CollectedDate": "2023-05-09",
            "ReceivedDate": "2023-05-09",
            "TumorPercentage": "5%"
        },
        "Normal specimen": {
            "source": "Blood",
            "CollectedDate": "2023-05-11",
            "ReceivedDate": "2023-05-11"
        }
    },
    "genomic variants": {
        "Somatic - Potentially Actionable": [
            {
                "Gene": "ARID2",
                "GeneMutation": " p.W266* Stopgain-LOF",
                "VariantAlleleFraction": "35.9%"
            },
            {
                "Gene": "IDH1",
                "GeneMutation": "p.R132H Nonsense-GOF",
                "VariantAlleleFraction": "32.59%"
            },
            {
                "Gene": "TOP2A",
                "GeneMutation": "p.A1515S Stopgain-LOF",
                "VariantAlleleFraction": "25.8%"
            }
        ],
        "Somatic - Biologically Relevant": [
            {
                "Gene": "FGFR3",
                "GeneMutation": "p.A1515S Spliceregionvariant-LOF",
                "VariantAlleleFraction": "15.97%"
            },
            {
                "Gene": "IDH1",
                "GeneMutation": "p.R132C Nonsense-LOF",
                "VariantAlleleFraction": "2.0%"
            }
        ],
        "Germline - Pathogenic": [],
        "Pertinent Negatives": [
            "PKLR",
            "BRCA1"
        ]
    },
    "immunotherapy markers": [
        {
            "marker_name": "Tumor Mutational Burden",
            "TmbValue": "48 m/Mb",
            "Tmbpercentile": "17%",
            "Status type": "Microsatellite Instability Status",
            "statusvalue": "Equivocal"
        }
    ],
    "FDA-Approved Therapies": {
        "Current Diagnosis": [
            {
                "Mechanism": "KRAS G12C Inhibitors",
                "Medication": "Sotorasib",
                "Recommendations": [
                    "NCCN, Consensus, Non-Small Cell Lung Cancer",
                    "MSK OncoKB, Level 1"
                ],
                "Relevant Mutation": "KRASp.G12C G12C-GOF"
            }
        ],
        "Other Indications": [
            {
                "Mechanism": "KRAS G12C Inhibitors",
                "Medication": "Sotorasib",
                "Recommendations": [
                    "NCCN, Consensus, Non-Small Cell Lung Cancer",
                    "MSK OncoKB, Level 1"
                ],
                "Relevant Mutation": "KRASp.G12C G12C-GOF"
            }
        ]
    },
    "Additional Indicators": [
        {
            "description": "Unfavorable Prognosis",
            "therapy": "NCCN, Consensus, Non-Small Cell Lung Cancer",
            "mutation": "KRASp.G12C Gain-of-function"
        }
    ],
    "Clinical trials": [
        {
            "description": "A Study of VS-6766 v. VS-6766 + Defactinib in Recurrent G12V, Other KRAS and BRAF Non- Small Cell Lung Cancer ",
            "phase": "Phase 2",
            "mutations": [
                "KRAS"
            ]
        },
        {
            "description": "A Phase 1/2 Study of MRTX849 in Patients With Cancer Having a KRAS G12C Mutation KRYSTAL-1",
            "phase": "Phase 1/2",
            "mutations": [
                "KRAS",
                "STK11"
            ]
        },
        {
            "description": "First-in-human Study of DRP-104 (Sirpiglenastat) as Single Agent and in Combination With Atezolizumab in Patients With Advanced Solid Tumors. (NCT04471415)",
            "phase": "Phase 1/2",
            "mutations": [
                "NFE2L2",
                "STK11"
            ]
        }
    ],
    "variants of unknown significance": {
        "Somatic": [
            {
                "Gene": "MYD88",
                "GeneMutation": "p.L265P Spliceregionvariant-LOF",
                "VariantAlleleFraction": "11.73%"
            },
            {
                "Gene": "ERCC2",
                "GeneMutation": "p.F332V Missensevariant(exon2)-GOF",
                "VariantAlleleFraction": "11.11%"
            },
            {
                "Gene": "PAX5",
                "GeneMutation": "p.P80R Spliceregionvariant-GOF",
                "VariantAlleleFraction": "5.47%"
            },
            {
                "Gene": "PAX5",
                "GeneMutation": "p.G183S Frameshift-GOF",
                "VariantAlleleFraction": "9.02%"
            },
            {
                "Gene": "H3.3",
                "GeneMutation": "p.G35W Spliceregionvariant-LOF",
                "VariantAlleleFraction": "8.69%"
            },
            {
                "Gene": "HSP90B1",
                "GeneMutation": "p.I66T Missensevariant(exon2)-GOF",
                "VariantAlleleFraction": "5.96%"
            },
            {
                "Gene": "PKLR",
                "GeneMutation": "p.R479H Stopgain-LOF",
                "VariantAlleleFraction": "4.81%"
            },
            {
                "Gene": "EZH2",
                "GeneMutation": "p.Y646F Nonsense-LOF",
                "VariantAlleleFraction": "3.14%"
            }
        ],
        "Germline": [
            {
                "Gene": "JAK3",
                "GeneMutation": "p.L857P Missensevariant(exon2)-GOF",
                "Condition": "anyone"
            }
        ]
    },
    "low coverage regions": [
        "ZEB2",
        "TOP2A"
    ],
    "genomic variants details": {
        "Somatic Variant Details - Potentially Actionable": [
            {
                "Gene": "ARID2",
                "GeneMutation": " p.W266* Stopgain-LOF",
                "description": "ARID2 encodes a protein that is a subunit of the SWI/SNF chromatin remodeling complex SWI/SNF-B or PBAF. This complex functions in ligand-dependent transcriptional activation. Loss of function mutations and copy number loss of ARID2 are associated with cancer progression.",
                "VariantAlleleFraction": "35.9%"
            },
            {
                "Gene": "IDH1",
                "GeneMutation": "p.R132H Nonsense-GOF",
                "description": "KRAS is a GDP/GTP binding protein that acts as an intracellular signal transducer. KRAS is involved in several pathways involved in cellular proliferation and survival, including the PI3K-AKT-mTOR pathway and the Ras-Raf-MEK-ERK pathway. Activating mutations, copy number gains, and overexpression of KRAS are associated with cancer progression.",
                "VariantAlleleFraction": "32.59%"
            },
            {
                "Gene": "TOP2A",
                "GeneMutation": "p.A1515S Stopgain-LOF",
                "description": "KRAS is a GDP/GTP binding protein that acts as an intracellular signal transducer. KRAS is involved in several pathways involved in cellular proliferation and survival, including the PI3K-AKT-mTOR pathway and the Ras-Raf-MEK-ERK pathway. Activating mutations, copy number gains, and overexpression of KRAS are associated with cancer progression.",
                "VariantAlleleFraction": "25.8%"
            }
        ],
        "Somatic Variant Details - Biologically Relevant": [
            {
                "Gene": "FGFR3",
                "GeneMutation": "p.A1515S Spliceregionvariant-LOF",
                "description": "RBM10 encodes a protein that contains a RNA-binding motif and interacts with RNA homopolymers, and is thought to function in regulating alternative splicing. Loss of function mutations and copy number loss of RBM10 are associated with cancer progression.",
                "VariantAlleleFraction": "15.97%"
            },
            {
                "Gene": "IDH1",
                "GeneMutation": "p.R132C Nonsense-LOF",
                "description": "NFE2L2 acts as a transcription factor for proteins that contain an antioxidant response element (ARE) within their promoter sequence. Genes that contain ARE are involved in injury and inflammation response. Activating mutations and overexpression of NFE2L2 are associated with cancer progression.",
                "VariantAlleleFraction": "2.0%"
            }
        ]
    },
    "clinical history": {
        "Date": "2023-05-06"
    },
    "other": {
        "ReportId": "7682",
        "ReportDate": "2023-05-13",
        "SignedBy": "Philip Marquez",
        "Supervisor": "Dr. David Medina"
    }
}