{
    "patient": {
        "Name": "Samantha Foster",
        "DateOfBirth": "1934-04-13",
        "Sex": "Male",
        "Diagnosis": "Merkel cell carcinoma",
        "BodyPart": "Skin",
        "Physician": "Dr. Jared Brooks",
        "TreatingInstitution": "Morgan-Carrillo"
    },
    "specimen": {
        "Tumor specimen": {
            "source": "Skin",
            "CollectedDate": "2023-10-26",
            "ReceivedDate": "2023-10-26",
            "TumorPercentage": "70%"
        },
        "Normal specimen": {
            "source": "Blood",
            "CollectedDate": "2023-10-30",
            "ReceivedDate": "2023-11-01"
        }
    },
    "genomic variants": {
        "Somatic - Potentially Actionable": [
            {
                "Gene": "NRAS",
                "GeneMutation": "p.Q61X Nonsense-GOF",
                "VariantAlleleFraction": "7.27%"
            },
            {
                "Gene": "HDAC1",
                "GeneMutation": "p.Y303H Frameshift-GOF",
                "VariantAlleleFraction": "32.68%"
            }
        ],
        "Somatic - Biologically Relevant": [
            {
                "Gene": "FGFR2",
                "GeneMutation": "p.C382R Missensevariant(exon2)-GOF",
                "VariantAlleleFraction": "14.51%"
            },
            {
                "Gene": "BRCA1",
                "GeneMutation": "p.S372C Frameshift-GOF",
                "VariantAlleleFraction": "17.58%"
            },
            {
                "Gene": "STAG2",
                "GeneMutation": "p.V679F Spliceregionvariant-GOF",
                "VariantAlleleFraction": "5.5%"
            },
            {
                "Gene": "MYD88",
                "GeneMutation": "p.Y375C Nonsense-GOF",
                "VariantAlleleFraction": "9.14%"
            },
            {
                "Gene": "CALR",
                "GeneMutation": "p.L367fs*46 Spliceregionvariant-GOF",
                "VariantAlleleFraction": "5.27%"
            },
            {
                "Gene": "FLT3",
                "GeneMutation": "p.Y375C Spliceregionvariant-GOF",
                "VariantAlleleFraction": "2.1%"
            }
        ],
        "Germline - Pathogenic": [],
        "Pertinent Negatives": [
            "CSF3R"
        ]
    },
    "immunotherapy markers": [
        {
            "marker_name": "Tumor Mutational Burden",
            "TmbValue": "31 m/Mb",
            "Tmbpercentile": "1%",
            "Status type": "Microsatellite Instability Status",
            "statusvalue": "Stable"
        }
    ],
    "FDA-Approved Therapies": {
        "Current Diagnosis": [
            {
                "Mechanism": "KRAS G12C Inhibitors",
                "Medication": "Sotorasib",
                "Recommendations": [
                    "NCCN, Consensus, Non-Small Cell Lung Cancer",
                    "MSK OncoKB, Level 1"
                ],
                "Relevant Mutation": "KRASp.G12C G12C-GOF"
            }
        ],
        "Other Indications": [
            {
                "Mechanism": "KRAS G12C Inhibitors",
                "Medication": "Sotorasib",
                "Recommendations": [
                    "NCCN, Consensus, Non-Small Cell Lung Cancer",
                    "MSK OncoKB, Level 1"
                ],
                "Relevant Mutation": "KRASp.G12C G12C-GOF"
            }
        ]
    },
    "Additional Indicators": [
        {
            "description": "Unfavorable Prognosis",
            "therapy": "NCCN, Consensus, Non-Small Cell Lung Cancer",
            "mutation": "KRASp.G12C Gain-of-function"
        }
    ],
    "Clinical trials": [
        {
            "description": "A Study of VS-6766 v. VS-6766 + Defactinib in Recurrent G12V, Other KRAS and BRAF Non- Small Cell Lung Cancer ",
            "phase": "Phase 2",
            "mutations": [
                "KRAS"
            ]
        },
        {
            "description": "A Phase 1/2 Study of MRTX849 in Patients With Cancer Having a KRAS G12C Mutation KRYSTAL-1",
            "phase": "Phase 1/2",
            "mutations": [
                "KRAS",
                "STK11"
            ]
        },
        {
            "description": "First-in-human Study of DRP-104 (Sirpiglenastat) as Single Agent and in Combination With Atezolizumab in Patients With Advanced Solid Tumors. (NCT04471415)",
            "phase": "Phase 1/2",
            "mutations": [
                "NFE2L2",
                "STK11"
            ]
        }
    ],
    "variants of unknown significance": {
        "Somatic": [
            {
                "Gene": "CHEK2",
                "GeneMutation": "p.I157T Nonsense-GOF",
                "VariantAlleleFraction": "18.29%"
            },
            {
                "Gene": "SIX1",
                "GeneMutation": "p.Q177R Spliceregionvariant-GOF",
                "VariantAlleleFraction": "17.47%"
            },
            {
                "Gene": "CSF1R",
                "GeneMutation": "p.H362R Stopgain-LOF",
                "VariantAlleleFraction": "1.77%"
            },
            {
                "Gene": "ZEB2",
                "GeneMutation": "p.H1038R Nonsense-LOF",
                "VariantAlleleFraction": "8.68%"
            },
            {
                "Gene": "CHEK2",
                "GeneMutation": "p.I157T Stopgain-LOF",
                "VariantAlleleFraction": "6.79%"
            },
            {
                "Gene": "HDAC1",
                "GeneMutation": "p.Y303H Nonsense-LOF",
                "VariantAlleleFraction": "5.96%"
            },
            {
                "Gene": "NRAS",
                "GeneMutation": "p.G13V Frameshift-LOF",
                "VariantAlleleFraction": "9.25%"
            },
            {
                "Gene": "BLM",
                "GeneMutation": "p.Y736fs*4 Stopgain-LOF",
                "VariantAlleleFraction": "8.19%"
            },
            {
                "Gene": "FOXL2",
                "GeneMutation": "p.C134W Frameshift-GOF",
                "VariantAlleleFraction": "2.98%"
            },
            {
                "Gene": "CALR",
                "GeneMutation": "p.L367fs*46 Missensevariant(exon2)-GOF",
                "VariantAlleleFraction": "3.66%"
            }
        ],
        "Germline": []
    },
    "low coverage regions": [
        "STAG2",
        "DPYD",
        "CHEK2"
    ],
    "genomic variants details": {
        "Somatic Variant Details - Potentially Actionable": [
            {
                "Gene": "NRAS",
                "GeneMutation": "p.Q61X Nonsense-GOF",
                "description": "FAT1 encodes a transmembrane protein involved in tumor suppressor signaling. FAT1 protein can regulate transcriptional activity by sequestering beta-catenin, thereby preventing it from entering the nucleus. Loss of function mutations and copy number loss of FAT1 are associated with cancer progression.",
                "VariantAlleleFraction": "7.27%"
            },
            {
                "Gene": "HDAC1",
                "GeneMutation": "p.Y303H Frameshift-GOF",
                "description": "STK11 (LKB1) encodes an enzyme in the serine/threonine kinase family that is responsible for maintaining energy metabolism and cellular polarization through the activation of AMP-activated protein kinase and other members of the AMPK family. The enzyme also acts as a tumor suppressor by regulating cell growth. Loss of function mutations, copy number loss, epigenetic variation, and underexpression of STK11 are associated with cancer progression.",
                "VariantAlleleFraction": "32.68%"
            }
        ],
        "Somatic Variant Details - Biologically Relevant": [
            {
                "Gene": "FGFR2",
                "GeneMutation": "p.C382R Missensevariant(exon2)-GOF",
                "description": "TP53 encodes a protein that is a transcription factor that regulates the expression of genes involved in cell cycle arrest, apoptosis, and DNA repair. TP53 is a tumor suppressor gene that is mutated in many cancers. Mutations in TP53 are associated with cancer progression.",
                "VariantAlleleFraction": "14.51%"
            },
            {
                "Gene": "BRCA1",
                "GeneMutation": "p.S372C Frameshift-GOF",
                "description": "RBM10 encodes a protein that contains a RNA-binding motif and interacts with RNA homopolymers, and is thought to function in regulating alternative splicing. Loss of function mutations and copy number loss of RBM10 are associated with cancer progression.",
                "VariantAlleleFraction": "17.58%"
            },
            {
                "Gene": "STAG2",
                "GeneMutation": "p.V679F Spliceregionvariant-GOF",
                "description": "TP53 encodes a protein that is a transcription factor that regulates the expression of genes involved in cell cycle arrest, apoptosis, and DNA repair. TP53 is a tumor suppressor gene that is mutated in many cancers. Mutations in TP53 are associated with cancer progression.",
                "VariantAlleleFraction": "5.5%"
            },
            {
                "Gene": "MYD88",
                "GeneMutation": "p.Y375C Nonsense-GOF",
                "description": "STK11 (LKB1) encodes an enzyme in the serine/threonine kinase family that is responsible for maintaining energy metabolism and cellular polarization through the activation of AMP-activated protein kinase and other members of the AMPK family. The enzyme also acts as a tumor suppressor by regulating cell growth. Loss of function mutations, copy number loss, epigenetic variation, and underexpression of STK11 are associated with cancer progression.",
                "VariantAlleleFraction": "9.14%"
            },
            {
                "Gene": "CALR",
                "GeneMutation": "p.L367fs*46 Spliceregionvariant-GOF",
                "description": "PTEN encodes a phosphatase that acts as a tumor suppressor by negatively regulating the PI3K-AKT-mTOR pathway. Loss of function mutations, copy number loss, and underexpression of PTEN are associated with cancer progression.",
                "VariantAlleleFraction": "5.27%"
            },
            {
                "Gene": "FLT3",
                "GeneMutation": "p.Y375C Spliceregionvariant-GOF",
                "description": "STK11 (LKB1) encodes an enzyme in the serine/threonine kinase family that is responsible for maintaining energy metabolism and cellular polarization through the activation of AMP-activated protein kinase and other members of the AMPK family. The enzyme also acts as a tumor suppressor by regulating cell growth. Loss of function mutations, copy number loss, epigenetic variation, and underexpression of STK11 are associated with cancer progression.",
                "VariantAlleleFraction": "2.1%"
            }
        ]
    },
    "clinical history": {
        "Date": "2023-10-22"
    },
    "other": {
        "ReportId": "6890",
        "ReportDate": "2023-10-26",
        "SignedBy": "Jared Brooks",
        "Supervisor": "Dr. Lauren Freeman"
    }
}