{
    "patient": {
        "Name": "Jamie Watson",
        "DateOfBirth": "1935-08-03",
        "Sex": "Female",
        "Diagnosis": "Follicular lymphoma",
        "BodyPart": "Lymphoma",
        "Physician": "Dr. Beth Wang",
        "TreatingInstitution": "Thomas-Kirk"
    },
    "specimen": {
        "Tumor specimen": {
            "source": "Lymphoma",
            "CollectedDate": "2023-09-05",
            "ReceivedDate": "2023-09-05",
            "TumorPercentage": "62%"
        },
        "Normal specimen": {
            "source": "Blood",
            "CollectedDate": "2023-09-07",
            "ReceivedDate": "2023-09-07"
        }
    },
    "genomic variants": {
        "Somatic - Potentially Actionable": [
            {
                "Gene": "XPC",
                "GeneMutation": "p.S346P Spliceregionvariant-LOF",
                "VariantAlleleFraction": "25.15%"
            },
            {
                "Gene": "IKZF1",
                "GeneMutation": "p.N159Y Spliceregionvariant-GOF",
                "VariantAlleleFraction": "4.33%"
            },
            {
                "Gene": "DICER1",
                "GeneMutation": "p.E1813K Missensevariant(exon2)-GOF",
                "VariantAlleleFraction": "19.02%"
            }
        ],
        "Somatic - Biologically Relevant": [
            {
                "Gene": "APC",
                "GeneMutation": "p.D1810H Spliceregionvariant-GOF",
                "VariantAlleleFraction": "23.36%"
            }
        ],
        "Germline - Pathogenic": [],
        "Pertinent Negatives": [
            "DICER1",
            "JAK2",
            "NTRK1",
            "DDR2"
        ]
    },
    "immunotherapy markers": [
        {
            "marker_name": "Tumor Mutational Burden",
            "TmbValue": "49 m/Mb",
            "Tmbpercentile": "82%",
            "Status type": "Microsatellite Instability Status",
            "statusvalue": "Equivocal"
        }
    ],
    "FDA-Approved Therapies": {
        "Current Diagnosis": [
            {
                "Mechanism": "KRAS G12C Inhibitors",
                "Medication": "Sotorasib",
                "Recommendations": [
                    "NCCN, Consensus, Non-Small Cell Lung Cancer",
                    "MSK OncoKB, Level 1"
                ],
                "Relevant Mutation": "KRASp.G12C G12C-GOF"
            }
        ],
        "Other Indications": [
            {
                "Mechanism": "KRAS G12C Inhibitors",
                "Medication": "Sotorasib",
                "Recommendations": [
                    "NCCN, Consensus, Non-Small Cell Lung Cancer",
                    "MSK OncoKB, Level 1"
                ],
                "Relevant Mutation": "KRASp.G12C G12C-GOF"
            }
        ]
    },
    "Additional Indicators": [
        {
            "description": "Unfavorable Prognosis",
            "therapy": "NCCN, Consensus, Non-Small Cell Lung Cancer",
            "mutation": "KRASp.G12C Gain-of-function"
        }
    ],
    "Clinical trials": [
        {
            "description": "A Study of VS-6766 v. VS-6766 + Defactinib in Recurrent G12V, Other KRAS and BRAF Non- Small Cell Lung Cancer ",
            "phase": "Phase 2",
            "mutations": [
                "KRAS"
            ]
        },
        {
            "description": "A Phase 1/2 Study of MRTX849 in Patients With Cancer Having a KRAS G12C Mutation KRYSTAL-1",
            "phase": "Phase 1/2",
            "mutations": [
                "KRAS",
                "STK11"
            ]
        },
        {
            "description": "First-in-human Study of DRP-104 (Sirpiglenastat) as Single Agent and in Combination With Atezolizumab in Patients With Advanced Solid Tumors. (NCT04471415)",
            "phase": "Phase 1/2",
            "mutations": [
                "NFE2L2",
                "STK11"
            ]
        }
    ],
    "variants of unknown significance": {
        "Somatic": [
            {
                "Gene": "HSD3B1",
                "GeneMutation": "p.T367N Spliceregionvariant-LOF",
                "VariantAlleleFraction": "7.39%"
            },
            {
                "Gene": "U2AF1",
                "GeneMutation": "p.R156X Nonsense-LOF",
                "VariantAlleleFraction": "16.15%"
            },
            {
                "Gene": "ERBB2",
                "GeneMutation": "p.G776C Nonsense-LOF",
                "VariantAlleleFraction": "4.72%"
            },
            {
                "Gene": "JAK3",
                "GeneMutation": "p.L857P Spliceregionvariant-LOF",
                "VariantAlleleFraction": "1.43%"
            },
            {
                "Gene": "RNF43",
                "GeneMutation": "p.A169T Frameshift-GOF",
                "VariantAlleleFraction": "5.57%"
            },
            {
                "Gene": "NCSTN",
                "GeneMutation": "p.A572G Frameshift-GOF",
                "VariantAlleleFraction": "3.88%"
            }
        ],
        "Germline": [
            {
                "Gene": "NT5C2",
                "GeneMutation": "p.R367Q Frameshift-GOF",
                "Condition": "wait"
            },
            {
                "Gene": "FGFR3",
                "GeneMutation": "p.Y373C Frameshift-LOF",
                "Condition": "need"
            }
        ]
    },
    "low coverage regions": [
        "HSD3B1",
        "HRAS",
        "ARID2"
    ],
    "genomic variants details": {
        "Somatic Variant Details - Potentially Actionable": [
            {
                "Gene": "XPC",
                "GeneMutation": "p.S346P Spliceregionvariant-LOF",
                "description": "RBM10 encodes a protein that contains a RNA-binding motif and interacts with RNA homopolymers, and is thought to function in regulating alternative splicing. Loss of function mutations and copy number loss of RBM10 are associated with cancer progression.",
                "VariantAlleleFraction": "25.15%"
            },
            {
                "Gene": "IKZF1",
                "GeneMutation": "p.N159Y Spliceregionvariant-GOF",
                "description": "ARID2 encodes a protein that is a subunit of the SWI/SNF chromatin remodeling complex SWI/SNF-B or PBAF. This complex functions in ligand-dependent transcriptional activation. Loss of function mutations and copy number loss of ARID2 are associated with cancer progression.",
                "VariantAlleleFraction": "4.33%"
            },
            {
                "Gene": "DICER1",
                "GeneMutation": "p.E1813K Missensevariant(exon2)-GOF",
                "description": "STK11 (LKB1) encodes an enzyme in the serine/threonine kinase family that is responsible for maintaining energy metabolism and cellular polarization through the activation of AMP-activated protein kinase and other members of the AMPK family. The enzyme also acts as a tumor suppressor by regulating cell growth. Loss of function mutations, copy number loss, epigenetic variation, and underexpression of STK11 are associated with cancer progression.",
                "VariantAlleleFraction": "19.02%"
            }
        ],
        "Somatic Variant Details - Biologically Relevant": [
            {
                "Gene": "APC",
                "GeneMutation": "p.D1810H Spliceregionvariant-GOF",
                "description": "KRAS is a GDP/GTP binding protein that acts as an intracellular signal transducer. KRAS is involved in several pathways involved in cellular proliferation and survival, including the PI3K-AKT-mTOR pathway and the Ras-Raf-MEK-ERK pathway. Activating mutations, copy number gains, and overexpression of KRAS are associated with cancer progression.",
                "VariantAlleleFraction": "23.36%"
            }
        ]
    },
    "clinical history": {
        "Date": "2023-09-01"
    },
    "other": {
        "ReportId": "8532",
        "ReportDate": "2023-09-09",
        "SignedBy": "Beth Wang",
        "Supervisor": "Dr. Jonathan Romero"
    }
}