{
    "patient": {
        "Name": "Eric Rogers",
        "DateOfBirth": "1953-01-19",
        "Sex": "Female",
        "Diagnosis": "Small cell carcinoma",
        "BodyPart": "Prostate",
        "Physician": "Dr. Michelle Anderson",
        "TreatingInstitution": "Dorsey-Robertson"
    },
    "specimen": {
        "Tumor specimen": {
            "source": "Prostate",
            "CollectedDate": "2023-07-13",
            "ReceivedDate": "2023-07-16",
            "TumorPercentage": "34%"
        },
        "Normal specimen": {
            "source": "Blood",
            "CollectedDate": "2023-07-18",
            "ReceivedDate": "2023-07-18"
        }
    },
    "genomic variants": {
        "Somatic - Potentially Actionable": [
            {
                "Gene": "FGFR1",
                "GeneMutation": "p.K656E Missensevariant(exon2)-GOF",
                "VariantAlleleFraction": "33.56%"
            },
            {
                "Gene": "HRAS",
                "GeneMutation": "p.G12V Spliceregionvariant-LOF",
                "VariantAlleleFraction": "9.39%"
            }
        ],
        "Somatic - Biologically Relevant": [
            {
                "Gene": "HBB",
                "GeneMutation": "p.E122Q Spliceregionvariant-GOF",
                "VariantAlleleFraction": "10.29%"
            },
            {
                "Gene": "U2AF1",
                "GeneMutation": "p.G12X Spliceregionvariant-LOF",
                "VariantAlleleFraction": "5.71%"
            },
            {
                "Gene": "SRSF2",
                "GeneMutation": "p.R156X Nonsense-LOF",
                "VariantAlleleFraction": "14.59%"
            }
        ],
        "Germline - Pathogenic": [],
        "Pertinent Negatives": []
    },
    "immunotherapy markers": [
        {
            "marker_name": "Tumor Mutational Burden",
            "TmbValue": "40 m/Mb",
            "Tmbpercentile": "92%",
            "Status type": "Microsatellite Instability Status",
            "statusvalue": "High"
        }
    ],
    "FDA-Approved Therapies": {
        "Current Diagnosis": [
            {
                "Mechanism": "KRAS G12C Inhibitors",
                "Medication": "Sotorasib",
                "Recommendations": [
                    "NCCN, Consensus, Non-Small Cell Lung Cancer",
                    "MSK OncoKB, Level 1"
                ],
                "Relevant Mutation": "KRASp.G12C G12C-GOF"
            }
        ],
        "Other Indications": [
            {
                "Mechanism": "KRAS G12C Inhibitors",
                "Medication": "Sotorasib",
                "Recommendations": [
                    "NCCN, Consensus, Non-Small Cell Lung Cancer",
                    "MSK OncoKB, Level 1"
                ],
                "Relevant Mutation": "KRASp.G12C G12C-GOF"
            }
        ]
    },
    "Additional Indicators": [
        {
            "description": "Unfavorable Prognosis",
            "therapy": "NCCN, Consensus, Non-Small Cell Lung Cancer",
            "mutation": "KRASp.G12C Gain-of-function"
        }
    ],
    "Clinical trials": [
        {
            "description": "A Study of VS-6766 v. VS-6766 + Defactinib in Recurrent G12V, Other KRAS and BRAF Non- Small Cell Lung Cancer ",
            "phase": "Phase 2",
            "mutations": [
                "KRAS"
            ]
        },
        {
            "description": "A Phase 1/2 Study of MRTX849 in Patients With Cancer Having a KRAS G12C Mutation KRYSTAL-1",
            "phase": "Phase 1/2",
            "mutations": [
                "KRAS",
                "STK11"
            ]
        },
        {
            "description": "First-in-human Study of DRP-104 (Sirpiglenastat) as Single Agent and in Combination With Atezolizumab in Patients With Advanced Solid Tumors. (NCT04471415)",
            "phase": "Phase 1/2",
            "mutations": [
                "NFE2L2",
                "STK11"
            ]
        }
    ],
    "variants of unknown significance": {
        "Somatic": [
            {
                "Gene": "MAP2K2",
                "GeneMutation": "p.P128L Spliceregionvariant-LOF",
                "VariantAlleleFraction": "14.7%"
            },
            {
                "Gene": "ALK",
                "GeneMutation": "p.F1245X Frameshift-LOF",
                "VariantAlleleFraction": "7.53%"
            },
            {
                "Gene": "ALK",
                "GeneMutation": "p.L1196M Missensevariant(exon2)-GOF",
                "VariantAlleleFraction": "1.26%"
            },
            {
                "Gene": "SRSF2",
                "GeneMutation": "p.P95X Frameshift-LOF",
                "VariantAlleleFraction": "6.87%"
            },
            {
                "Gene": "DPYD",
                "GeneMutation": "p.I560S Nonsense-GOF",
                "VariantAlleleFraction": "8.98%"
            },
            {
                "Gene": "CHEK2",
                "GeneMutation": "p.S428F Spliceregionvariant-GOF",
                "VariantAlleleFraction": "5.3%"
            },
            {
                "Gene": "DDR2",
                "GeneMutation": "p.I638F Spliceregionvariant-GOF",
                "VariantAlleleFraction": "8.49%"
            },
            {
                "Gene": "RB1",
                "GeneMutation": "p.F650S Spliceregionvariant-GOF",
                "VariantAlleleFraction": "9.72%"
            },
            {
                "Gene": "HSD3B1",
                "GeneMutation": "p.T367N Missensevariant(exon2)-GOF",
                "VariantAlleleFraction": "2.78%"
            },
            {
                "Gene": "STAT5B",
                "GeneMutation": "p.N713_A714insKGKGGG Nonsense-GOF",
                "VariantAlleleFraction": "2.47%"
            },
            {
                "Gene": "NCSTN",
                "GeneMutation": "p.A572G Nonsense-LOF",
                "VariantAlleleFraction": "7.84%"
            },
            {
                "Gene": "MAP2K2",
                "GeneMutation": "p.P128L Spliceregionvariant-LOF",
                "VariantAlleleFraction": "8.73%"
            }
        ],
        "Germline": []
    },
    "low coverage regions": [
        "TLR8"
    ],
    "genomic variants details": {
        "Somatic Variant Details - Potentially Actionable": [
            {
                "Gene": "FGFR1",
                "GeneMutation": "p.K656E Missensevariant(exon2)-GOF",
                "description": "KRAS is a GDP/GTP binding protein that acts as an intracellular signal transducer. KRAS is involved in several pathways involved in cellular proliferation and survival, including the PI3K-AKT-mTOR pathway and the Ras-Raf-MEK-ERK pathway. Activating mutations, copy number gains, and overexpression of KRAS are associated with cancer progression.",
                "VariantAlleleFraction": "33.56%"
            },
            {
                "Gene": "HRAS",
                "GeneMutation": "p.G12V Spliceregionvariant-LOF",
                "description": "ARID2 encodes a protein that is a subunit of the SWI/SNF chromatin remodeling complex SWI/SNF-B or PBAF. This complex functions in ligand-dependent transcriptional activation. Loss of function mutations and copy number loss of ARID2 are associated with cancer progression.",
                "VariantAlleleFraction": "9.39%"
            }
        ],
        "Somatic Variant Details - Biologically Relevant": [
            {
                "Gene": "HBB",
                "GeneMutation": "p.E122Q Spliceregionvariant-GOF",
                "description": "RBM10 encodes a protein that contains a RNA-binding motif and interacts with RNA homopolymers, and is thought to function in regulating alternative splicing. Loss of function mutations and copy number loss of RBM10 are associated with cancer progression.",
                "VariantAlleleFraction": "10.29%"
            },
            {
                "Gene": "U2AF1",
                "GeneMutation": "p.G12X Spliceregionvariant-LOF",
                "description": "STK11 (LKB1) encodes an enzyme in the serine/threonine kinase family that is responsible for maintaining energy metabolism and cellular polarization through the activation of AMP-activated protein kinase and other members of the AMPK family. The enzyme also acts as a tumor suppressor by regulating cell growth. Loss of function mutations, copy number loss, epigenetic variation, and underexpression of STK11 are associated with cancer progression.",
                "VariantAlleleFraction": "5.71%"
            },
            {
                "Gene": "SRSF2",
                "GeneMutation": "p.R156X Nonsense-LOF",
                "description": "BCL11B encodes a C2H2-type zinc finger protein that functions as a transcriptional repressor and plays a role in T-cell development and survival. Loss of function mutations, copy number loss, and fusions resulting in the underexpression of BCL11B are associated with cancer progression.",
                "VariantAlleleFraction": "14.59%"
            }
        ]
    },
    "clinical history": {
        "Date": "2023-07-11"
    },
    "other": {
        "ReportId": "8512",
        "ReportDate": "2023-07-18",
        "SignedBy": "Michelle Anderson",
        "Supervisor": "Dr. Michael Burke"
    }
}