{
    "patient": {
        "Name": "Zoe Johnson",
        "DateOfBirth": "1971-06-01",
        "Sex": "Male",
        "Diagnosis": "Neuroendocrine tumors",
        "BodyPart": "Colorectal",
        "Physician": "Dr. Andrew Lang",
        "TreatingInstitution": "Willis-Ramos"
    },
    "specimen": {
        "Tumor specimen": {
            "source": "Colorectal",
            "CollectedDate": "2024-03-30",
            "ReceivedDate": "2024-04-02",
            "TumorPercentage": "25%"
        },
        "Normal specimen": {
            "source": "Blood",
            "CollectedDate": "2024-04-04",
            "ReceivedDate": "2024-04-04"
        }
    },
    "genomic variants": {
        "Somatic - Potentially Actionable": [
            {
                "Gene": "DPYD",
                "GeneMutation": "p.I543V Frameshift-GOF",
                "VariantAlleleFraction": "34.26%"
            },
            {
                "Gene": "H3.3",
                "GeneMutation": "p.G35R Stopgain-LOF",
                "VariantAlleleFraction": "6.13%"
            }
        ],
        "Somatic - Biologically Relevant": [
            {
                "Gene": "PTCH1",
                "GeneMutation": "p.T1195S Nonsense-LOF",
                "VariantAlleleFraction": "12.78%"
            }
        ],
        "Germline - Pathogenic": [],
        "Pertinent Negatives": [
            "TOP2A",
            "KRAS",
            "BLM",
            "FBXW7",
            "PHF6"
        ]
    },
    "immunotherapy markers": [
        {
            "marker_name": "Tumor Mutational Burden",
            "TmbValue": "19 m/Mb",
            "Tmbpercentile": "74%",
            "Status type": "Microsatellite Instability Status",
            "statusvalue": "Equivocal"
        }
    ],
    "FDA-Approved Therapies": {
        "Current Diagnosis": [
            {
                "Mechanism": "KRAS G12C Inhibitors",
                "Medication": "Sotorasib",
                "Recommendations": [
                    "NCCN, Consensus, Non-Small Cell Lung Cancer",
                    "MSK OncoKB, Level 1"
                ],
                "Relevant Mutation": "KRASp.G12C G12C-GOF"
            }
        ],
        "Other Indications": [
            {
                "Mechanism": "KRAS G12C Inhibitors",
                "Medication": "Sotorasib",
                "Recommendations": [
                    "NCCN, Consensus, Non-Small Cell Lung Cancer",
                    "MSK OncoKB, Level 1"
                ],
                "Relevant Mutation": "KRASp.G12C G12C-GOF"
            }
        ]
    },
    "Additional Indicators": [
        {
            "description": "Unfavorable Prognosis",
            "therapy": "NCCN, Consensus, Non-Small Cell Lung Cancer",
            "mutation": "KRASp.G12C Gain-of-function"
        }
    ],
    "Clinical trials": [
        {
            "description": "A Study of VS-6766 v. VS-6766 + Defactinib in Recurrent G12V, Other KRAS and BRAF Non- Small Cell Lung Cancer ",
            "phase": "Phase 2",
            "mutations": [
                "KRAS"
            ]
        },
        {
            "description": "A Phase 1/2 Study of MRTX849 in Patients With Cancer Having a KRAS G12C Mutation KRYSTAL-1",
            "phase": "Phase 1/2",
            "mutations": [
                "KRAS",
                "STK11"
            ]
        },
        {
            "description": "First-in-human Study of DRP-104 (Sirpiglenastat) as Single Agent and in Combination With Atezolizumab in Patients With Advanced Solid Tumors. (NCT04471415)",
            "phase": "Phase 1/2",
            "mutations": [
                "NFE2L2",
                "STK11"
            ]
        }
    ],
    "variants of unknown significance": {
        "Somatic": [
            {
                "Gene": "EZH2",
                "GeneMutation": "p.Y646F Spliceregionvariant-GOF",
                "VariantAlleleFraction": "13.29%"
            },
            {
                "Gene": "KRAS",
                "GeneMutation": "p.G12Y Nonsense-LOF",
                "VariantAlleleFraction": "6.41%"
            },
            {
                "Gene": "MAPK1",
                "GeneMutation": "p.E322K Spliceregionvariant-LOF",
                "VariantAlleleFraction": "1.26%"
            },
            {
                "Gene": "XPC",
                "GeneMutation": "p.S346P Frameshift-GOF",
                "VariantAlleleFraction": "1.45%"
            },
            {
                "Gene": "PIK3CA",
                "GeneMutation": "p.E542K Stopgain-LOF",
                "VariantAlleleFraction": "9.06%"
            },
            {
                "Gene": "ZEB2",
                "GeneMutation": "p.H1038R Nonsense-GOF",
                "VariantAlleleFraction": "7.92%"
            },
            {
                "Gene": "KLF1",
                "GeneMutation": "p.M39L Nonsense-GOF",
                "VariantAlleleFraction": "5.8%"
            },
            {
                "Gene": "NCSTN",
                "GeneMutation": "p.A572G Spliceregionvariant-GOF",
                "VariantAlleleFraction": "3.84%"
            }
        ],
        "Germline": [
            {
                "Gene": "ERBB2",
                "GeneMutation": "p.L755X Missensevariant(exon2)-GOF",
                "Condition": "charge"
            }
        ]
    },
    "low coverage regions": [
        "NF1"
    ],
    "genomic variants details": {
        "Somatic Variant Details - Potentially Actionable": [
            {
                "Gene": "DPYD",
                "GeneMutation": "p.I543V Frameshift-GOF",
                "description": "PTEN encodes a phosphatase that acts as a tumor suppressor by negatively regulating the PI3K-AKT-mTOR pathway. Loss of function mutations, copy number loss, and underexpression of PTEN are associated with cancer progression.",
                "VariantAlleleFraction": "34.26%"
            },
            {
                "Gene": "H3.3",
                "GeneMutation": "p.G35R Stopgain-LOF",
                "description": "FAT1 encodes a transmembrane protein involved in tumor suppressor signaling. FAT1 protein can regulate transcriptional activity by sequestering beta-catenin, thereby preventing it from entering the nucleus. Loss of function mutations and copy number loss of FAT1 are associated with cancer progression.",
                "VariantAlleleFraction": "6.13%"
            }
        ],
        "Somatic Variant Details - Biologically Relevant": [
            {
                "Gene": "PTCH1",
                "GeneMutation": "p.T1195S Nonsense-LOF",
                "description": "RBM10 encodes a protein that contains a RNA-binding motif and interacts with RNA homopolymers, and is thought to function in regulating alternative splicing. Loss of function mutations and copy number loss of RBM10 are associated with cancer progression.",
                "VariantAlleleFraction": "12.78%"
            }
        ]
    },
    "clinical history": {
        "Date": "2024-03-26"
    },
    "other": {
        "ReportId": "6223",
        "ReportDate": "2024-04-06",
        "SignedBy": "Andrew Lang",
        "Supervisor": "Dr. Laura Carter"
    }
}